{
  "files": [
    {
      "filepath": "/home/runner/work/howard/howard/benchmarks/suites/claim-performance.bench.ts",
      "groups": [
        {
          "fullName": "benchmarks/suites/claim-performance.bench.ts > claim performance",
          "benchmarks": [
            {
              "id": "-1689910969_0_0",
              "name": "claim.check positive number",
              "rank": 2,
              "rme": 0.3786273910353075,
              "samples": [],
              "totalTime": 1000.0041870000268,
              "min": 0.0062409999998180865,
              "max": 1.9094539999998688,
              "hz": 157400.34096476814,
              "period": 0.0063532263899214545,
              "mean": 0.0063532263899214545,
              "variance": 0.00002370871765503377,
              "sd": 0.004869159851045534,
              "sem": 0.000012272987411595029,
              "df": 157400,
              "critical": 1.96,
              "moe": 0.000024055055326726256,
              "p75": 0.006271999999853506,
              "p99": 0.00847499999986212,
              "p995": 0.013144000000011147,
              "p999": 0.015278000000080283,
              "sampleCount": 157401,
              "median": 0.006262000000106127
            },
            {
              "id": "-1689910969_0_1",
              "name": "claim.check negative branch",
              "rank": 1,
              "rme": 0.0833618399856028,
              "samples": [],
              "totalTime": 1000.0000259999474,
              "min": 0.005490000000008877,
              "max": 0.05532299999958923,
              "hz": 173061.9955003972,
              "period": 0.005778276143809429,
              "mean": 0.005778276143809429,
              "variance": 0.0000010452513698218378,
              "sd": 0.001022375356619005,
              "sem": 0.000002457590465779937,
              "df": 173061,
              "critical": 1.96,
              "moe": 0.000004816877312928676,
              "p75": 0.005680000000211294,
              "p99": 0.011050999999952182,
              "p995": 0.014327000000321277,
              "p999": 0.017923000000337197,
              "sampleCount": 173062,
              "median": 0.005630000000110158
            },
            {
              "id": "-1689910969_0_2",
              "name": "claim.and (positive & even)",
              "rank": 4,
              "rme": 0.14275007444779886,
              "samples": [],
              "totalTime": 1000.000819000069,
              "min": 0.01085999999941123,
              "max": 0.6331840000002558,
              "hz": 90535.92585107048,
              "period": 0.01104533908058749,
              "mean": 0.01104533908058749,
              "variance": 0.000005858952169766639,
              "sd": 0.002420527250366465,
              "sem": 0.000008044504979872686,
              "df": 90535,
              "critical": 1.96,
              "moe": 0.000015767229760550463,
              "p75": 0.010900000000219734,
              "p99": 0.01778400000057445,
              "p995": 0.01900599999953556,
              "p999": 0.02731099999982689,
              "sampleCount": 90536,
              "median": 0.010890000000472355
            },
            {
              "id": "-1689910969_0_3",
              "name": "claim.or (number | string)",
              "rank": 3,
              "rme": 0.29889546989949933,
              "samples": [],
              "totalTime": 1000.0028700000339,
              "min": 0.0055700000002616434,
              "max": 0.18380200000046898,
              "hz": 154119.55767686423,
              "period": 0.00648846917986007,
              "mean": 0.00648846917986007,
              "variance": 0.000015089332048569478,
              "sd": 0.003884498944338829,
              "sem": 0.00000989476553287089,
              "df": 154119,
              "critical": 1.96,
              "moe": 0.000019393740444426945,
              "p75": 0.006412000000636908,
              "p99": 0.013896000000386266,
              "p995": 0.015398999999888474,
              "p999": 0.06415000000015425,
              "sampleCount": 154120,
              "median": 0.006362000000081025
            },
            {
              "id": "-1689910969_0_4",
              "name": "claim.on (object.value)",
              "rank": 5,
              "rme": 0.09459779625483787,
              "samples": [],
              "totalTime": 1000.0220530001834,
              "min": 0.015167999999903259,
              "max": 0.0760019999997894,
              "hz": 63815.59267472303,
              "period": 0.015670151417336815,
              "mean": 0.015670151417336815,
              "variance": 0.000003650334525672377,
              "sd": 0.0019105848648181994,
              "sem": 0.000007563070362549422,
              "df": 63816,
              "critical": 1.96,
              "moe": 0.000014823617910596867,
              "p75": 0.015349000000242086,
              "p99": 0.024386000000049535,
              "p995": 0.030386999999791442,
              "p999": 0.03762000000006083,
              "sampleCount": 63817,
              "median": 0.015299000000595697
            }
          ]
        }
      ]
    }
  ]
}
