{
  "files": [
    {
      "filepath": "/home/runner/work/howard/howard/benchmarks/suites/claim-performance.bench.ts",
      "groups": [
        {
          "fullName": "benchmarks/suites/claim-performance.bench.ts > claim performance",
          "benchmarks": [
            {
              "id": "-1689910969_0_0",
              "name": "claim.check positive number",
              "rank": 3,
              "rme": 0.35231725103447864,
              "samples": [],
              "totalTime": 1000.0028949999773,
              "min": 0.0062409999998180865,
              "max": 1.744954000000007,
              "hz": 154382.55306251236,
              "period": 0.006477415874804722,
              "mean": 0.006477415874804722,
              "variance": 0.000020929493253676794,
              "sd": 0.0045748763102052056,
              "sem": 0.000011643394667440268,
              "df": 154382,
              "critical": 1.96,
              "moe": 0.000022821053548182924,
              "p75": 0.006271999999853506,
              "p99": 0.012153000000125758,
              "p995": 0.013404000000036831,
              "p999": 0.016912000000047556,
              "sampleCount": 154383,
              "median": 0.006262000000106127
            },
            {
              "id": "-1689910969_0_1",
              "name": "claim.check negative branch",
              "rank": 1,
              "rme": 0.1052687827414998,
              "samples": [],
              "totalTime": 1000.0039769999589,
              "min": 0.005531000000246422,
              "max": 0.42311900000004243,
              "hz": 174412.30636226476,
              "period": 0.0057335403725637364,
              "mean": 0.0057335403725637364,
              "variance": 0.0000016539091944308355,
              "sd": 0.001286044009523327,
              "sem": 0.000003079402121525662,
              "df": 174412,
              "critical": 1.96,
              "moe": 0.000006035628158190297,
              "p75": 0.005670000000009168,
              "p99": 0.008675999999923079,
              "p995": 0.013645000000451546,
              "p999": 0.015178999999989173,
              "sampleCount": 174413,
              "median": 0.005640999999741325
            },
            {
              "id": "-1689910969_0_2",
              "name": "claim.and (positive & even)",
              "rank": 4,
              "rme": 0.11763846700430668,
              "samples": [],
              "totalTime": 1000.0057859999451,
              "min": 0.01085999999941123,
              "max": 0.505862999999863,
              "hz": 90763.47484253955,
              "period": 0.0110176478119072,
              "mean": 0.0110176478119072,
              "variance": 0.000003968971392260759,
              "sd": 0.0019922277460824502,
              "sem": 0.0000066127510131944725,
              "df": 90763,
              "critical": 1.96,
              "moe": 0.000012960991985861167,
              "p75": 0.010890000000472355,
              "p99": 0.01794300000074145,
              "p995": 0.018364999999903375,
              "p999": 0.025888999999551743,
              "sampleCount": 90764,
              "median": 0.010880999999244523
            },
            {
              "id": "-1689910969_0_3",
              "name": "claim.or (number | string)",
              "rank": 2,
              "rme": 0.09173052213537751,
              "samples": [],
              "totalTime": 1000.0029150001646,
              "min": 0.0055400000001100125,
              "max": 0.043661999999130785,
              "hz": 165940.5162833677,
              "period": 0.006026255807788097,
              "mean": 0.006026255807788097,
              "variance": 0.000001319971083884582,
              "sd": 0.0011488999451147093,
              "sem": 0.0000028203652641313946,
              "df": 165940,
              "critical": 1.96,
              "moe": 0.000005527915917697533,
              "p75": 0.00632099999984348,
              "p99": 0.013574000000517117,
              "p995": 0.014317000000119151,
              "p999": 0.016510999999809428,
              "sampleCount": 165941,
              "median": 0.005679999999301799
            },
            {
              "id": "-1689910969_0_4",
              "name": "claim.on (object.value)",
              "rank": 5,
              "rme": 0.11745553049163977,
              "samples": [],
              "totalTime": 1000.0070140000853,
              "min": 0.015728999999737425,
              "max": 0.05845899999985704,
              "hz": 61084.57155280992,
              "period": 0.016370745911436283,
              "mean": 0.016370745911436283,
              "variance": 0.0000058790386151120345,
              "sd": 0.002424672888270093,
              "sem": 0.000009810380844753018,
              "df": 61084,
              "critical": 1.96,
              "moe": 0.000019228346455715915,
              "p75": 0.01598999999987427,
              "p99": 0.03166899999996531,
              "p995": 0.034693999999944936,
              "p999": 0.03770899999926769,
              "sampleCount": 61085,
              "median": 0.015938999999889347
            }
          ]
        }
      ]
    }
  ]
}