{
  "files": [
    {
      "filepath": "/home/runner/work/howard/howard/benchmarks/suites/claim-performance.bench.ts",
      "groups": [
        {
          "fullName": "benchmarks/suites/claim-performance.bench.ts > claim performance",
          "benchmarks": [
            {
              "id": "-1689910969_0_0",
              "name": "claim.check positive number",
              "rank": 3,
              "rme": 0.0884311039049021,
              "samples": [],
              "totalTime": 1000.0007009999715,
              "min": 0.00624100000004546,
              "max": 0.06566300000008596,
              "hz": 147188.8968205875,
              "period": 0.006793990726208966,
              "mean": 0.006793990726208966,
              "variance": 0.0000013830032616253047,
              "sd": 0.0011760115907699655,
              "sem": 0.000003065306631828195,
              "df": 147188,
              "critical": 1.96,
              "moe": 0.0000060080009983832624,
              "p75": 0.006713000000218017,
              "p99": 0.013745999999628111,
              "p995": 0.015357999999878302,
              "p999": 0.02010799999993651,
              "sampleCount": 147189,
              "median": 0.006711999999879481
            },
            {
              "id": "-1689910969_0_1",
              "name": "claim.check negative branch",
              "rank": 2,
              "rme": 0.13179697923657396,
              "samples": [],
              "totalTime": 1000.004577000162,
              "min": 0.0054799999998067506,
              "max": 0.03931400000010399,
              "hz": 164322.24789704476,
              "period": 0.006085603214401891,
              "mean": 0.006085603214401891,
              "variance": 0.000002751720951366098,
              "sd": 0.0016588312003836007,
              "sem": 0.000004092163880053846,
              "df": 164322,
              "critical": 1.96,
              "moe": 0.000008020641204905538,
              "p75": 0.00577099999964048,
              "p99": 0.011301000000003114,
              "p995": 0.013145000000349683,
              "p999": 0.0229629999998906,
              "sampleCount": 164323,
              "median": 0.005531000000246422
            },
            {
              "id": "-1689910969_0_2",
              "name": "claim.and (positive & even)",
              "rank": 4,
              "rme": 0.07453032450032183,
              "samples": [],
              "totalTime": 1000.0119960000384,
              "min": 0.01085999999941123,
              "max": 0.05279900000005,
              "hz": 86710.95981532273,
              "period": 0.011532567533905785,
              "mean": 0.011532567533905785,
              "variance": 0.000001667573933146126,
              "sd": 0.0012913457837256937,
              "sem": 0.00000438533673787691,
              "df": 86711,
              "critical": 1.96,
              "moe": 0.000008595260006238744,
              "p75": 0.011993000000074971,
              "p99": 0.018003000000135216,
              "p995": 0.019076000000495696,
              "p999": 0.02758200000062061,
              "sampleCount": 86712,
              "median": 0.011079999999765278
            },
            {
              "id": "-1689910969_0_3",
              "name": "claim.or (number | string)",
              "rank": 1,
              "rme": 0.06678124656134952,
              "samples": [],
              "totalTime": 1000.001009999999,
              "min": 0.0054799999998067506,
              "max": 0.04353199999968638,
              "hz": 164589.83376426806,
              "period": 0.006075709399112942,
              "mean": 0.006075709399112942,
              "variance": 7.053332093304452e-7,
              "sd": 0.0008398411810160569,
              "sem": 0.0000020701196296799496,
              "df": 164589,
              "critical": 1.96,
              "moe": 0.000004057434474172701,
              "p75": 0.006271999999626132,
              "p99": 0.007874999999330612,
              "p995": 0.013495000000148138,
              "p999": 0.015249000000039814,
              "sampleCount": 164590,
              "median": 0.005910999999287014
            },
            {
              "id": "-1689910969_0_4",
              "name": "claim.on (object.value)",
              "rank": 5,
              "rme": 0.11896147734084804,
              "samples": [],
              "totalTime": 1000.0104229999233,
              "min": 0.016941999999289692,
              "max": 0.06913999999960652,
              "hz": 54142.43567339713,
              "period": 0.018469800768334287,
              "mean": 0.018469800768334287,
              "variance": 0.000006804046805482107,
              "sd": 0.002608456786201778,
              "sem": 0.000011210177477511107,
              "df": 54142,
              "critical": 1.96,
              "moe": 0.00002197194785592177,
              "p75": 0.018704999999499705,
              "p99": 0.03373300000021118,
              "p995": 0.03583699999944656,
              "p999": 0.040595000000394066,
              "sampleCount": 54143,
              "median": 0.017753000000084285
            }
          ]
        }
      ]
    }
  ]
}