{
  "files": [
    {
      "filepath": "/home/runner/work/howard/howard/benchmarks/suites/claim-performance.bench.ts",
      "groups": [
        {
          "fullName": "benchmarks/suites/claim-performance.bench.ts > claim performance",
          "benchmarks": [
            {
              "id": "-1689910969_0_0",
              "name": "claim.check positive number",
              "rank": 3,
              "rme": 0.052429722242793006,
              "samples": [],
              "totalTime": 1000.0009210000242,
              "min": 0.0062409999998180865,
              "max": 0.06091299999980038,
              "hz": 158074.85441305526,
              "period": 0.006326116849596863,
              "mean": 0.006326116849596863,
              "variance": 4.5266881950645947e-7,
              "sd": 0.0006728066732029785,
              "sem": 0.0000016922272923460015,
              "df": 158074,
              "critical": 1.96,
              "moe": 0.000003316765492998163,
              "p75": 0.006271999999853506,
              "p99": 0.007793999999876178,
              "p995": 0.013314000000036685,
              "p999": 0.014226000000007843,
              "sampleCount": 158075,
              "median": 0.006262000000106127
            },
            {
              "id": "-1689910969_0_1",
              "name": "claim.check negative branch",
              "rank": 1,
              "rme": 0.11255795851516039,
              "samples": [],
              "totalTime": 1000.0038749998989,
              "min": 0.0054799999998067506,
              "max": 0.36580400000002555,
              "hz": 176021.31791741087,
              "period": 0.0056811300576058614,
              "mean": 0.0056811300576058614,
              "variance": 0.0000018735991774593369,
              "sd": 0.0013687947901198838,
              "sem": 0.000003262532659914445,
              "df": 176021,
              "critical": 1.96,
              "moe": 0.0000063945640134323124,
              "p75": 0.00551099999984217,
              "p99": 0.010759999999663705,
              "p995": 0.013475000000198634,
              "p999": 0.015609000000040396,
              "sampleCount": 176022,
              "median": 0.0055099999999583815
            },
            {
              "id": "-1689910969_0_2",
              "name": "claim.and (positive & even)",
              "rank": 4,
              "rme": 0.1635253186229496,
              "samples": [],
              "totalTime": 1000.0093519999264,
              "min": 0.01085999999941123,
              "max": 0.51652600000034,
              "hz": 88763.16988684176,
              "period": 0.011265933847054283,
              "mean": 0.011265933847054283,
              "variance": 0.00000784204127093096,
              "sd": 0.0028003644889426377,
              "sem": 0.00000939931337716645,
              "df": 88763,
              "critical": 1.96,
              "moe": 0.00001842265421924624,
              "p75": 0.010890999999901396,
              "p99": 0.026620000000548316,
              "p995": 0.027642000000014377,
              "p999": 0.0295349999996688,
              "sampleCount": 88764,
              "median": 0.010881000000154017
            },
            {
              "id": "-1689910969_0_3",
              "name": "claim.or (number | string)",
              "rank": 2,
              "rme": 0.0667468815511314,
              "samples": [],
              "totalTime": 1000.0054320001027,
              "min": 0.0054799999998067506,
              "max": 0.03452500000003056,
              "hz": 171562.0680748286,
              "period": 0.005828794273824209,
              "mean": 0.005828794273824209,
              "variance": 6.759754190923134e-7,
              "sd": 0.0008221772431126474,
              "sem": 0.000001984968576432946,
              "df": 171562,
              "critical": 1.96,
              "moe": 0.000003890538409808574,
              "p75": 0.0062619999998787534,
              "p99": 0.006371999999828404,
              "p995": 0.013545000000704022,
              "p999": 0.014677999999548774,
              "sampleCount": 171563,
              "median": 0.0055099999999583815
            },
            {
              "id": "-1689910969_0_4",
              "name": "claim.on (object.value)",
              "rank": 5,
              "rme": 0.08263464187194075,
              "samples": [],
              "totalTime": 1000.0166380000246,
              "min": 0.01730200000019977,
              "max": 0.04897100000016508,
              "hz": 55194.08168086763,
              "period": 0.018117884554760842,
              "mean": 0.018117884554760842,
              "variance": 0.0000032205264443657146,
              "sd": 0.0017945825264851195,
              "sem": 0.000007638596437039943,
              "df": 55194,
              "critical": 1.96,
              "moe": 0.000014971649016598288,
              "p75": 0.017884000000776723,
              "p99": 0.02730100000007951,
              "p995": 0.029885000000831496,
              "p999": 0.03689899999972113,
              "sampleCount": 55195,
              "median": 0.017814000000726082
            }
          ]
        }
      ]
    }
  ]
}
