{
  "files": [
    {
      "filepath": "/home/runner/work/howard/howard/benchmarks/suites/claim-performance.bench.ts",
      "groups": [
        {
          "fullName": "benchmarks/suites/claim-performance.bench.ts > claim performance",
          "benchmarks": [
            {
              "id": "-1689910969_0_0",
              "name": "claim.check positive number",
              "rank": 3,
              "rme": 0.3408752378522953,
              "samples": [],
              "totalTime": 1000.0027450000641,
              "min": 0.0062409999998180865,
              "max": 1.6963020000000597,
              "hz": 155664.57270073795,
              "period": 0.006424069283397451,
              "mean": 0.006424069283397451,
              "variance": 0.000019430777267807102,
              "sd": 0.004408035533863934,
              "sem": 0.000011172480331416991,
              "df": 155664,
              "critical": 1.96,
              "moe": 0.000021898061449577302,
              "p75": 0.0062720000000808795,
              "p99": 0.012402999999949316,
              "p995": 0.013315000000147847,
              "p999": 0.01855499999987842,
              "sampleCount": 155665,
              "median": 0.006262000000106127
            },
            {
              "id": "-1689910969_0_1",
              "name": "claim.check negative branch",
              "rank": 1,
              "rme": 0.06160995753371348,
              "samples": [],
              "totalTime": 1000.0037070000917,
              "min": 0.0054799999998067506,
              "max": 0.05569400000013047,
              "hz": 179866.3332354862,
              "period": 0.005559684138836427,
              "mean": 0.005559684138836427,
              "variance": 5.493402298724902e-7,
              "sd": 0.0007411748983016695,
              "sem": 0.0000017476117535437384,
              "df": 179866,
              "critical": 1.96,
              "moe": 0.000003425319036945727,
              "p75": 0.005500000000211003,
              "p99": 0.006271999999626132,
              "p995": 0.013194999999996071,
              "p999": 0.01421699999991688,
              "sampleCount": 179867,
              "median": 0.005490999999892665
            },
            {
              "id": "-1689910969_0_2",
              "name": "claim.and (positive & even)",
              "rank": 4,
              "rme": 0.11455364065732737,
              "samples": [],
              "totalTime": 1000.0047230001146,
              "min": 0.01085999999941123,
              "max": 0.4967589999996562,
              "hz": 90836.57097886487,
              "period": 0.01100878191706149,
              "mean": 0.01100878191706149,
              "variance": 0.0000037605119167462287,
              "sd": 0.0019392039389260296,
              "sem": 0.000006434163509193599,
              "df": 90836,
              "critical": 1.96,
              "moe": 0.000012610960478019455,
              "p75": 0.010890999999901396,
              "p99": 0.017732999999680032,
              "p995": 0.01813399999991816,
              "p999": 0.02624900000046182,
              "sampleCount": 90837,
              "median": 0.010881000000154017
            },
            {
              "id": "-1689910969_0_3",
              "name": "claim.or (number | string)",
              "rank": 2,
              "rme": 0.06787805819453181,
              "samples": [],
              "totalTime": 1000.0036079998099,
              "min": 0.0054799999998067506,
              "max": 0.04100600000037957,
              "hz": 175192.36790596988,
              "period": 0.005708011210492485,
              "mean": 0.005708011210492485,
              "variance": 6.845939570979399e-7,
              "sd": 0.000827401932012453,
              "sem": 0.000001976779168983923,
              "df": 175192,
              "critical": 1.96,
              "moe": 0.000003874487171208489,
              "p75": 0.0055099999999583815,
              "p99": 0.006311999999525142,
              "p995": 0.013265000000501459,
              "p999": 0.01470699999936187,
              "sampleCount": 175193,
              "median": 0.005500000000211003
            },
            {
              "id": "-1689910969_0_4",
              "name": "claim.on (object.value)",
              "rank": 5,
              "rme": 0.09729658635984219,
              "samples": [],
              "totalTime": 1000.0119929999046,
              "min": 0.016400999999859778,
              "max": 0.06593299999985902,
              "hz": 58505.29834596252,
              "period": 0.017092469028815928,
              "mean": 0.017092469028815928,
              "variance": 0.0000042120456956315485,
              "sd": 0.002052326897848281,
              "sem": 0.000008484892290638352,
              "df": 58505,
              "critical": 1.96,
              "moe": 0.00001663038888965117,
              "p75": 0.016892000000552798,
              "p99": 0.027291000000332133,
              "p995": 0.032501000000593194,
              "p999": 0.037150000000110595,
              "sampleCount": 58506,
              "median": 0.01668100000006234
            }
          ]
        }
      ]
    }
  ]
}
