{
  "files": [
    {
      "filepath": "/home/runner/work/howard/howard/benchmarks/suites/claim-performance.bench.ts",
      "groups": [
        {
          "fullName": "benchmarks/suites/claim-performance.bench.ts > claim performance",
          "benchmarks": [
            {
              "id": "-1689910969_0_0",
              "name": "claim.check positive number",
              "rank": 3,
              "rme": 0.060413515162597145,
              "samples": [],
              "totalTime": 1000.0025000000842,
              "min": 0.006241999999929249,
              "max": 0.05955199999971228,
              "hz": 157559.60610097146,
              "period": 0.006346804391978194,
              "mean": 0.006346804391978194,
              "variance": 6.029929970565102e-7,
              "sd": 0.000776526237197759,
              "sem": 0.0000019562896090245548,
              "df": 157559,
              "critical": 1.96,
              "moe": 0.0000038343276336881275,
              "p75": 0.006281999999828258,
              "p99": 0.007814000000053056,
              "p995": 0.01340499999992062,
              "p999": 0.015038000000004104,
              "sampleCount": 157560,
              "median": 0.0062720000000808795
            },
            {
              "id": "-1689910969_0_1",
              "name": "claim.check negative branch",
              "rank": 2,
              "rme": 0.06361198734046888,
              "samples": [],
              "totalTime": 1000.0044670000093,
              "min": 0.0054799999998067506,
              "max": 0.05206799999996292,
              "hz": 179306.19903920725,
              "period": 0.005577052022508933,
              "mean": 0.005577052022508933,
              "variance": 5.874520457810053e-7,
              "sd": 0.0007664542033161573,
              "sem": 0.000001810037564555993,
              "df": 179306,
              "critical": 1.96,
              "moe": 0.000003547673626529746,
              "p75": 0.005501000000094791,
              "p99": 0.00869600000032733,
              "p995": 0.012934000000313972,
              "p999": 0.014157000000068365,
              "sampleCount": 179307,
              "median": 0.005500000000211003
            },
            {
              "id": "-1689910969_0_2",
              "name": "claim.and (positive & even)",
              "rank": 4,
              "rme": 0.06421625154660922,
              "samples": [],
              "totalTime": 1000.0065699998831,
              "min": 0.010869999999158608,
              "max": 0.04719900000054622,
              "hz": 90769.40364502865,
              "period": 0.011016928170098967,
              "mean": 0.011016928170098967,
              "variance": 0.0000011826088666574554,
              "sd": 0.001087478214336938,
              "sem": 0.0000036095195440918388,
              "df": 90769,
              "critical": 1.96,
              "moe": 0.000007074658306420004,
              "p75": 0.010900000000219734,
              "p99": 0.017923999999766238,
              "p995": 0.01835399999981746,
              "p999": 0.025728999999955704,
              "sampleCount": 90770,
              "median": 0.010890999999901396
            },
            {
              "id": "-1689910969_0_3",
              "name": "claim.or (number | string)",
              "rank": 1,
              "rme": 0.06229594800188639,
              "samples": [],
              "totalTime": 1000.0053120003386,
              "min": 0.005480000000716245,
              "max": 0.054522000000361004,
              "hz": 179324.04743059934,
              "period": 0.005576496930156635,
              "mean": 0.005576496930156635,
              "variance": 5.633408309974428e-7,
              "sd": 0.0007505603446741926,
              "sem": 0.0000017724140958863107,
              "df": 179324,
              "critical": 1.96,
              "moe": 0.0000034739316279371686,
              "p75": 0.0055099999999583815,
              "p99": 0.006301999999777763,
              "p995": 0.013034999999945285,
              "p999": 0.014386999999260297,
              "sampleCount": 179325,
              "median": 0.0055010000005495385
            },
            {
              "id": "-1689910969_0_4",
              "name": "claim.on (object.value)",
              "rank": 5,
              "rme": 0.10204741117938076,
              "samples": [],
              "totalTime": 1000.0049660000504,
              "min": 0.014957000000322296,
              "max": 0.06165599999985716,
              "hz": 64828.67806078148,
              "period": 0.015425272115874846,
              "mean": 0.015425272115874846,
              "variance": 0.00000418144926239254,
              "sd": 0.00204485922801364,
              "sem": 0.000008031168806951619,
              "df": 64828,
              "critical": 1.96,
              "moe": 0.000015741090861625174,
              "p75": 0.015137999999751628,
              "p99": 0.02562800000032439,
              "p995": 0.03154900000026828,
              "p999": 0.03531699999984994,
              "sampleCount": 64829,
              "median": 0.015098000000762113
            }
          ]
        }
      ]
    }
  ]
}
