{
  "files": [
    {
      "filepath": "/home/runner/work/howard/howard/benchmarks/suites/claim-performance.bench.ts",
      "groups": [
        {
          "fullName": "benchmarks/suites/claim-performance.bench.ts > claim performance",
          "benchmarks": [
            {
              "id": "-1689910969_0_0",
              "name": "claim.check positive number",
              "rank": 3,
              "rme": 0.32847191243808777,
              "samples": [],
              "totalTime": 1000.0021099999883,
              "min": 0.0062409999998180865,
              "max": 1.6580830000000333,
              "hz": 157585.66749424345,
              "period": 0.006345754762478826,
              "mean": 0.006345754762478826,
              "variance": 0.00001782249641966405,
              "sd": 0.004221669861519734,
              "sem": 0.000010634705115788386,
              "df": 157585,
              "critical": 1.96,
              "moe": 0.000020844022026945235,
              "p75": 0.0062720000000808795,
              "p99": 0.007793999999876178,
              "p995": 0.013244999999869833,
              "p999": 0.014657000000170228,
              "sampleCount": 157586,
              "median": 0.006262000000106127
            },
            {
              "id": "-1689910969_0_1",
              "name": "claim.check negative branch",
              "rank": 1,
              "rme": 0.06124474108415159,
              "samples": [],
              "totalTime": 1000.0018399998753,
              "min": 0.0054799999998067506,
              "max": 0.05312899999989895,
              "hz": 178444.6716618264,
              "period": 0.005603977920366921,
              "mean": 0.005603977920366921,
              "variance": 5.471705036926948e-7,
              "sd": 0.0007397097428672241,
              "sem": 0.0000017510927386437467,
              "df": 178444,
              "critical": 1.96,
              "moe": 0.0000034321417677417435,
              "p75": 0.005549999999857391,
              "p99": 0.006351999999878899,
              "p995": 0.013405000000147993,
              "p999": 0.014787000000069384,
              "sampleCount": 178445,
              "median": 0.005521000000044296
            },
            {
              "id": "-1689910969_0_2",
              "name": "claim.and (positive & even)",
              "rank": 4,
              "rme": 0.05937783375534372,
              "samples": [],
              "totalTime": 1000.0023579999574,
              "min": 0.010869999999158608,
              "max": 0.04089599999952043,
              "hz": 90825.78583280087,
              "period": 0.011010089159491306,
              "mean": 0.011010089159491306,
              "variance": 0.0000010104816147930455,
              "sd": 0.001005227145869552,
              "sem": 0.0000033354859374683006,
              "df": 90825,
              "critical": 1.96,
              "moe": 0.000006537552437437869,
              "p75": 0.010900000000219734,
              "p99": 0.01784399999996822,
              "p995": 0.01821399999971618,
              "p999": 0.024365999999645283,
              "sampleCount": 90826,
              "median": 0.010890999999901396
            },
            {
              "id": "-1689910969_0_3",
              "name": "claim.or (number | string)",
              "rank": 2,
              "rme": 0.07299703605740256,
              "samples": [],
              "totalTime": 1000.0025760000908,
              "min": 0.005489999999554129,
              "max": 0.04751799999939976,
              "hz": 175289.54845410728,
              "period": 0.005704846688345546,
              "mean": 0.005704846688345546,
              "variance": 7.913040834260524e-7,
              "sd": 0.0008895527434762103,
              "sem": 0.000002124678058219966,
              "df": 175289,
              "critical": 1.96,
              "moe": 0.0000041643689941111335,
              "p75": 0.005571000000600179,
              "p99": 0.007934999999633874,
              "p995": 0.013616000000183703,
              "p999": 0.015448000000105822,
              "sampleCount": 175290,
              "median": 0.005549999999857391
            },
            {
              "id": "-1689910969_0_4",
              "name": "claim.on (object.value)",
              "rank": 5,
              "rme": 0.08766626890714424,
              "samples": [],
              "totalTime": 1000.006439999921,
              "min": 0.0179840000000695,
              "max": 0.06385899999986577,
              "hz": 53206.65734913087,
              "period": 0.018794640554812732,
              "mean": 0.018794640554812732,
              "variance": 0.000003760016277358913,
              "sd": 0.0019390761401654431,
              "sem": 0.000008406408229037407,
              "df": 53206,
              "critical": 1.96,
              "moe": 0.000016476560128913317,
              "p75": 0.018474000000423985,
              "p99": 0.02788200000031793,
              "p995": 0.030267000000094413,
              "p999": 0.03848199999993085,
              "sampleCount": 53207,
              "median": 0.01836500000081287
            }
          ]
        }
      ]
    }
  ]
}