{
  "files": [
    {
      "filepath": "/home/runner/work/howard/howard/benchmarks/suites/claim-performance.bench.ts",
      "groups": [
        {
          "fullName": "benchmarks/suites/claim-performance.bench.ts > claim performance",
          "benchmarks": [
            {
              "id": "-1689910969_0_0",
              "name": "claim.check positive number",
              "rank": 3,
              "rme": 0.31763280877387823,
              "samples": [],
              "totalTime": 1000.0029239999735,
              "min": 0.00624100000004546,
              "max": 1.5986319999999523,
              "hz": 157497.53947719873,
              "period": 0.0063493055403876465,
              "mean": 0.0063493055403876465,
              "variance": 0.000016675008493968914,
              "sd": 0.004083504437853462,
              "sem": 0.000010289529349779973,
              "df": 157497,
              "critical": 1.96,
              "moe": 0.000020167477525568748,
              "p75": 0.0062720000000808795,
              "p99": 0.007814000000053056,
              "p995": 0.013225000000147702,
              "p999": 0.014586999999892214,
              "sampleCount": 157498,
              "median": 0.0062709999999697175
            },
            {
              "id": "-1689910969_0_1",
              "name": "claim.check negative branch",
              "rank": 2,
              "rme": 0.13827921349599423,
              "samples": [],
              "totalTime": 1000.0043220000439,
              "min": 0.0054799999998067506,
              "max": 0.06439000000000306,
              "hz": 164971.28699409036,
              "period": 0.006061660900031787,
              "mean": 0.006061660900031787,
              "variance": 0.0000030171379896974363,
              "sd": 0.0017369910735802404,
              "sem": 0.0000042765392945704895,
              "df": 164971,
              "critical": 1.96,
              "moe": 0.00000838201701735816,
              "p75": 0.0055099999999583815,
              "p99": 0.010831000000052882,
              "p995": 0.01270299999987401,
              "p999": 0.022722000000158005,
              "sampleCount": 164972,
              "median": 0.005500999999640044
            },
            {
              "id": "-1689910969_0_2",
              "name": "claim.and (positive & even)",
              "rank": 4,
              "rme": 0.13829000843667408,
              "samples": [],
              "totalTime": 1000.002226999939,
              "min": 0.01085999999941123,
              "max": 0.586243000000195,
              "hz": 90492.79847254332,
              "period": 0.011050603107422,
              "mean": 0.011050603107422,
              "variance": 0.000005501187047862898,
              "sd": 0.0023454609457125688,
              "sem": 0.000007796877535488393,
              "df": 90492,
              "critical": 1.96,
              "moe": 0.000015281879969557252,
              "p75": 0.010890999999901396,
              "p99": 0.017912999999680324,
              "p995": 0.020357999999760068,
              "p999": 0.027602000000115368,
              "sampleCount": 90493,
              "median": 0.01088999999956286
            },
            {
              "id": "-1689910969_0_3",
              "name": "claim.or (number | string)",
              "rank": 1,
              "rme": 0.08541710086770361,
              "samples": [],
              "totalTime": 1000.0014580001543,
              "min": 0.0054799999998067506,
              "max": 0.041247000000112166,
              "hz": 171160.75044759942,
              "period": 0.005842460946127648,
              "mean": 0.005842460946127648,
              "variance": 0.0000011096191992245889,
              "sd": 0.0010533846397326044,
              "sem": 0.0000025461534487296143,
              "df": 171160,
              "critical": 1.96,
              "moe": 0.000004990460759510044,
              "p75": 0.0062619999998787534,
              "p99": 0.012584000000060769,
              "p995": 0.013184000000364904,
              "p999": 0.01557799999955023,
              "sampleCount": 171161,
              "median": 0.0055010000005495385
            },
            {
              "id": "-1689910969_0_4",
              "name": "claim.on (object.value)",
              "rank": 5,
              "rme": 0.17282390330410544,
              "samples": [],
              "totalTime": 1000.0167100000608,
              "min": 0.017872999999781314,
              "max": 0.4221059999999852,
              "hz": 51807.134302782644,
              "period": 0.019302360832305066,
              "mean": 0.019302360832305066,
              "variance": 0.000015007666266341086,
              "sd": 0.0038739729305121745,
              "sem": 0.000017019945622567565,
              "df": 51807,
              "critical": 1.96,
              "moe": 0.00003335909342023243,
              "p75": 0.018594999999550055,
              "p99": 0.036036999999851105,
              "p995": 0.03695900000002439,
              "p999": 0.04770900000039546,
              "sampleCount": 51808,
              "median": 0.01838399999996909
            }
          ]
        }
      ]
    }
  ]
}