{
  "files": [
    {
      "filepath": "/home/runner/work/howard/howard/benchmarks/suites/claim-performance.bench.ts",
      "groups": [
        {
          "fullName": "benchmarks/suites/claim-performance.bench.ts > claim performance",
          "benchmarks": [
            {
              "id": "-1689910969_0_0",
              "name": "claim.check positive number",
              "rank": 3,
              "rme": 0.06115719962084833,
              "samples": [],
              "totalTime": 1000.0023179999962,
              "min": 0.0062409999998180865,
              "max": 0.044883999999910884,
              "hz": 157609.63466086745,
              "period": 0.006344789784912101,
              "mean": 0.006344789784912101,
              "variance": 6.177336841746713e-7,
              "sd": 0.0007859603578900601,
              "sem": 0.000001979742731776473,
              "df": 157609,
              "critical": 1.96,
              "moe": 0.000003880295754281887,
              "p75": 0.006271999999853506,
              "p99": 0.011250999999901978,
              "p995": 0.013223999999809166,
              "p999": 0.014578000000028624,
              "sampleCount": 157610,
              "median": 0.006262000000106127
            },
            {
              "id": "-1689910969_0_1",
              "name": "claim.check negative branch",
              "rank": 1,
              "rme": 0.06477959503507523,
              "samples": [],
              "totalTime": 1000.0001070000353,
              "min": 0.005490000000008877,
              "max": 0.04046500000004016,
              "hz": 177937.98096062976,
              "period": 0.005619935634884259,
              "mean": 0.005619935634884259,
              "variance": 6.138972710554884e-7,
              "sd": 0.0007835159673264409,
              "sem": 0.000001857434461994851,
              "df": 177937,
              "critical": 1.96,
              "moe": 0.000003640571545509908,
              "p75": 0.005551000000195927,
              "p99": 0.007533999999850494,
              "p995": 0.013293999999859807,
              "p999": 0.014668000000256143,
              "sampleCount": 177938,
              "median": 0.0055400000001100125
            },
            {
              "id": "-1689910969_0_2",
              "name": "claim.and (positive & even)",
              "rank": 4,
              "rme": 0.06297911684365047,
              "samples": [],
              "totalTime": 1000.0055079999324,
              "min": 0.01085999999941123,
              "max": 0.04771900000014284,
              "hz": 90878.49944123122,
              "period": 0.011003702813630568,
              "mean": 0.011003702813630568,
              "variance": 0.0000011361148444272613,
              "sd": 0.001065886881628281,
              "sem": 0.0000035357320674104335,
              "df": 90878,
              "critical": 1.96,
              "moe": 0.00000693003485212445,
              "p75": 0.010890000000472355,
              "p99": 0.01773300000013478,
              "p995": 0.018052999999781605,
              "p999": 0.025807999999415188,
              "sampleCount": 90879,
              "median": 0.010881000000154017
            },
            {
              "id": "-1689910969_0_3",
              "name": "claim.or (number | string)",
              "rank": 2,
              "rme": 0.06749252672255315,
              "samples": [],
              "totalTime": 1000.0003960000004,
              "min": 0.005489999999554129,
              "max": 0.0325700000003053,
              "hz": 165878.93431194194,
              "period": 0.00602849303407906,
              "mean": 0.00602849303407906,
              "variance": 7.148388821513213e-7,
              "sd": 0.0008454814499155622,
              "sem": 0.0000020759093224454415,
              "df": 165878,
              "critical": 1.96,
              "moe": 0.000004068782271993065,
              "p75": 0.006322000000182015,
              "p99": 0.007754000000204542,
              "p995": 0.013624999999592546,
              "p999": 0.014937999999347085,
              "sampleCount": 165879,
              "median": 0.006282000000283006
            },
            {
              "id": "-1689910969_0_4",
              "name": "claim.on (object.value)",
              "rank": 5,
              "rme": 0.1228582383589364,
              "samples": [],
              "totalTime": 1000.0108720000972,
              "min": 0.017181999999593245,
              "max": 0.054662000000462285,
              "hz": 55432.39733897074,
              "period": 0.01803999191817324,
              "mean": 0.01803999191817324,
              "variance": 0.000007088224841105563,
              "sd": 0.0026623720328131386,
              "sem": 0.000011307967485082725,
              "df": 55432,
              "critical": 1.96,
              "moe": 0.00002216361627076214,
              "p75": 0.0175729999991745,
              "p99": 0.03488500000003114,
              "p995": 0.03567699999985052,
              "p999": 0.03856199999972887,
              "sampleCount": 55433,
              "median": 0.017492000000856933
            }
          ]
        }
      ]
    }
  ]
}