{
  "files": [
    {
      "filepath": "/home/runner/work/howard/howard/benchmarks/suites/claim-performance.bench.ts",
      "groups": [
        {
          "fullName": "benchmarks/suites/claim-performance.bench.ts > claim performance",
          "benchmarks": [
            {
              "id": "-1689910969_0_0",
              "name": "claim.check positive number",
              "rank": 3,
              "rme": 0.05526657417164435,
              "samples": [],
              "totalTime": 1000.0019230000153,
              "min": 0.0057599999997819396,
              "max": 0.03608699999995224,
              "hz": 158037.696093508,
              "period": 0.006327604266062689,
              "mean": 0.006327604266062689,
              "variance": 5.030985804551521e-7,
              "sd": 0.0007092944243790107,
              "sem": 0.0000017842092372406469,
              "df": 158037,
              "critical": 1.96,
              "moe": 0.000003497050104991668,
              "p75": 0.006271999999853506,
              "p99": 0.00780399999985093,
              "p995": 0.013394999999945867,
              "p999": 0.014648000000079264,
              "sampleCount": 158038,
              "median": 0.006262000000106127
            },
            {
              "id": "-1689910969_0_1",
              "name": "claim.check negative branch",
              "rank": 1,
              "rme": 0.06106820912172536,
              "samples": [],
              "totalTime": 1000.0022119999626,
              "min": 0.005159000000276137,
              "max": 0.03159899999991467,
              "hz": 173187.61690899788,
              "period": 0.005774084878859751,
              "mean": 0.005774084878859751,
              "variance": 5.605345025920689e-7,
              "sd": 0.0007486885217445696,
              "sem": 0.0000017990460350448954,
              "df": 173187,
              "critical": 1.96,
              "moe": 0.000003526130228687995,
              "p75": 0.005730999999741471,
              "p99": 0.006562000000030821,
              "p995": 0.013997000000017579,
              "p999": 0.014998000000105094,
              "sampleCount": 173188,
              "median": 0.005701000000044587
            },
            {
              "id": "-1689910969_0_2",
              "name": "claim.and (positive & even)",
              "rank": 4,
              "rme": 0.08984804133166065,
              "samples": [],
              "totalTime": 1000.0054090001349,
              "min": 0.01001799999994546,
              "max": 0.36468299999978626,
              "hz": 90950.50804868969,
              "period": 0.010994990808238887,
              "mean": 0.010994990808238887,
              "variance": 0.0000023104804869035875,
              "sd": 0.0015200264757245473,
              "sem": 0.0000050401958601014104,
              "df": 90950,
              "critical": 1.96,
              "moe": 0.000009878783885798765,
              "p75": 0.010890000000472355,
              "p99": 0.017972999999983585,
              "p995": 0.018233999999665684,
              "p999": 0.024645999999847845,
              "sampleCount": 90951,
              "median": 0.010881000000154017
            },
            {
              "id": "-1689910969_0_3",
              "name": "claim.or (number | string)",
              "rank": 2,
              "rme": 0.06684949638183692,
              "samples": [],
              "totalTime": 1000.0000709998585,
              "min": 0.005210000000261061,
              "max": 0.03166899999996531,
              "hz": 167995.98807230862,
              "period": 0.005952523101739675,
              "mean": 0.005952523101739675,
              "variance": 6.924449579762525e-7,
              "sd": 0.0008321327766506091,
              "sem": 0.0000020302202630231994,
              "df": 167995,
              "critical": 1.96,
              "moe": 0.00000397923171552547,
              "p75": 0.005830999999488995,
              "p99": 0.007152999999561871,
              "p995": 0.014086000000133936,
              "p999": 0.01511800000025687,
              "sampleCount": 167996,
              "median": 0.005760999999438354
            },
            {
              "id": "-1689910969_0_4",
              "name": "claim.on (object.value)",
              "rank": 5,
              "rme": 0.07135356695720443,
              "samples": [],
              "totalTime": 1000.0056420000346,
              "min": 0.017461999999795808,
              "max": 0.05917000000044936,
              "hz": 55126.68897521889,
              "period": 0.018140033776552954,
              "mean": 0.018140033776552954,
              "variance": 0.0000024041401180016518,
              "sd": 0.0015505289800586289,
              "sem": 0.000006603857727965414,
              "df": 55126,
              "critical": 1.96,
              "moe": 0.000012943561146812212,
              "p75": 0.01804299999912473,
              "p99": 0.026980000000548898,
              "p995": 0.027672000000166008,
              "p999": 0.035315999999511405,
              "sampleCount": 55127,
              "median": 0.017933999999513617
            }
          ]
        }
      ]
    }
  ]
}
