{
  "files": [
    {
      "filepath": "/home/runner/work/howard/howard/benchmarks/suites/claim-performance.bench.ts",
      "groups": [
        {
          "fullName": "benchmarks/suites/claim-performance.bench.ts > claim performance",
          "benchmarks": [
            {
              "id": "-1689910969_0_0",
              "name": "claim.check positive number",
              "rank": 3,
              "rme": 0.06711396680450608,
              "samples": [],
              "totalTime": 1000.0021410000581,
              "min": 0.006250999999792839,
              "max": 0.05858999999986736,
              "hz": 157201.66343122945,
              "period": 0.006361255842801352,
              "mean": 0.006361255842801352,
              "variance": 7.45860258618607e-7,
              "sd": 0.0008636320157443256,
              "sem": 0.000002178209762595614,
              "df": 157201,
              "critical": 1.96,
              "moe": 0.000004269291134687403,
              "p75": 0.0062720000000808795,
              "p99": 0.012142999999923632,
              "p995": 0.013294999999970969,
              "p999": 0.01495799999997871,
              "sampleCount": 157202,
              "median": 0.006271000000197091
            },
            {
              "id": "-1689910969_0_1",
              "name": "claim.check negative branch",
              "rank": 1,
              "rme": 0.060123388848471175,
              "samples": [],
              "totalTime": 1000.0141850000737,
              "min": 0.0054799999998067506,
              "max": 0.03499599999986458,
              "hz": 179751.45022566532,
              "period": 0.005563237452296325,
              "mean": 0.005563237452296325,
              "variance": 5.234901542325344e-7,
              "sd": 0.0007235261945724801,
              "sem": 0.000001706534125514235,
              "df": 179753,
              "critical": 1.96,
              "moe": 0.0000033448068860079006,
              "p75": 0.0055099999999583815,
              "p99": 0.005739999999605061,
              "p995": 0.012984999999844149,
              "p999": 0.014116000000285567,
              "sampleCount": 179754,
              "median": 0.005500000000211003
            },
            {
              "id": "-1689910969_0_2",
              "name": "claim.and (positive & even)",
              "rank": 4,
              "rme": 0.12940820616658041,
              "samples": [],
              "totalTime": 1000.0060170000902,
              "min": 0.010869999999158608,
              "max": 0.5839400000004389,
              "hz": 90794.45368976396,
              "period": 0.011013888617215598,
              "mean": 0.011013888617215598,
              "variance": 0.000004801255137398761,
              "sd": 0.002191176655908592,
              "sem": 0.000007271875351389742,
              "df": 90794,
              "critical": 1.96,
              "moe": 0.000014252875688723894,
              "p75": 0.010890999999901396,
              "p99": 0.017832999999882304,
              "p995": 0.01818399999956455,
              "p999": 0.02651900000000751,
              "sampleCount": 90795,
              "median": 0.010890000000017608
            },
            {
              "id": "-1689910969_0_3",
              "name": "claim.or (number | string)",
              "rank": 2,
              "rme": 0.064453478719547,
              "samples": [],
              "totalTime": 1000.0039549999183,
              "min": 0.0054799999998067506,
              "max": 0.03186999999979889,
              "hz": 176965.30010225257,
              "period": 0.005650825328028651,
              "mean": 0.005650825328028651,
              "variance": 6.110745302939137e-7,
              "sd": 0.0007817125624511312,
              "sem": 0.0000018582415817753666,
              "df": 176965,
              "critical": 1.96,
              "moe": 0.0000036421535002797186,
              "p75": 0.0055099999999583815,
              "p99": 0.006321000000752974,
              "p995": 0.013043999999354128,
              "p999": 0.01439699999991717,
              "sampleCount": 176966,
              "median": 0.005500000000211003
            },
            {
              "id": "-1689910969_0_4",
              "name": "claim.on (object.value)",
              "rank": 5,
              "rme": 0.08668052674133236,
              "samples": [],
              "totalTime": 1000.0114620000495,
              "min": 0.016399999999521242,
              "max": 0.05854899999940244,
              "hz": 58946.3243572273,
              "period": 0.016964586187593084,
              "mean": 0.016964586187593084,
              "variance": 0.0000033180214493374025,
              "sd": 0.0018215436995409698,
              "sem": 0.0000075025472790270405,
              "df": 58946,
              "critical": 1.96,
              "moe": 0.000014704992666892999,
              "p75": 0.01671100000021397,
              "p99": 0.026058999999804655,
              "p995": 0.028572999999596504,
              "p999": 0.03769099999954051,
              "sampleCount": 58947,
              "median": 0.016660999999658088
            }
          ]
        }
      ]
    }
  ]
}
