{
  "files": [
    {
      "filepath": "/home/runner/work/howard/howard/benchmarks/suites/claim-performance.bench.ts",
      "groups": [
        {
          "fullName": "benchmarks/suites/claim-performance.bench.ts > claim performance",
          "benchmarks": [
            {
              "id": "-1689910969_0_0",
              "name": "claim.check positive number",
              "rank": 3,
              "rme": 0.07493686284296264,
              "samples": [],
              "totalTime": 1000.0068299999627,
              "min": 0.007232999999814638,
              "max": 0.06502199999999903,
              "hz": 135079.0774099063,
              "period": 0.00740307099496567,
              "mean": 0.00740307099496567,
              "variance": 0.0000010821656723038963,
              "sd": 0.0010402719222895023,
              "sem": 0.0000028304230396247824,
              "df": 135079,
              "critical": 1.96,
              "moe": 0.000005547629157664573,
              "p75": 0.007252999999991516,
              "p99": 0.01350600000000668,
              "p995": 0.014730999999983396,
              "p999": 0.017871999999897525,
              "sampleCount": 135080,
              "median": 0.007250000000112777
            },
            {
              "id": "-1689910969_0_1",
              "name": "claim.check negative branch",
              "rank": 1,
              "rme": 0.11134041533982769,
              "samples": [],
              "totalTime": 1000.002643000124,
              "min": 0.005836000000272179,
              "max": 0.44596999999976106,
              "hz": 166340.56036187834,
              "period": 0.0060117628425951745,
              "mean": 0.0060117628425951745,
              "variance": 0.0000019399767230072133,
              "sd": 0.0013928304717399076,
              "sem": 0.000003415062101117805,
              "df": 166340,
              "critical": 1.96,
              "moe": 0.000006693521718190898,
              "p75": 0.005876000000171189,
              "p99": 0.011589000000185479,
              "p995": 0.011636000000180502,
              "p999": 0.01565100000016173,
              "sampleCount": 166341,
              "median": 0.005869999999958964
            },
            {
              "id": "-1689910969_0_2",
              "name": "claim.and (positive & even)",
              "rank": 4,
              "rme": 0.12154279030733724,
              "samples": [],
              "totalTime": 1000.0037769998635,
              "min": 0.01009299999986979,
              "max": 0.05292800000006537,
              "hz": 94271.64393601372,
              "period": 0.010607643595127541,
              "mean": 0.010607643595127541,
              "variance": 0.000004079123196173161,
              "sd": 0.0020196839347217574,
              "sem": 0.000006577972454783448,
              "df": 94271,
              "critical": 1.96,
              "moe": 0.000012892826011375557,
              "p75": 0.010111999999935506,
              "p99": 0.020262999999431486,
              "p995": 0.02058400000078109,
              "p999": 0.024778999999398366,
              "sampleCount": 94272,
              "median": 0.010108999999829393
            },
            {
              "id": "-1689910969_0_3",
              "name": "claim.or (number | string)",
              "rank": 2,
              "rme": 0.05321904666924036,
              "samples": [],
              "totalTime": 1000.0020840000534,
              "min": 0.005817999999635504,
              "max": 0.04346999999961554,
              "hz": 138517.7113290822,
              "period": 0.007219293405911531,
              "mean": 0.007219293405911531,
              "variance": 5.322524097077594e-7,
              "sd": 0.0007295563101692421,
              "sem": 0.00000196022404432727,
              "df": 138517,
              "critical": 1.96,
              "moe": 0.000003842039126881449,
              "p75": 0.0072609999997439445,
              "p99": 0.010113999999703083,
              "p995": 0.011953999999605003,
              "p999": 0.013745999999628111,
              "sampleCount": 138518,
              "median": 0.007254000000102678
            },
            {
              "id": "-1689910969_0_4",
              "name": "claim.on (object.value)",
              "rank": 5,
              "rme": 0.06843219117270034,
              "samples": [],
              "totalTime": 1000.002653999999,
              "min": 0.013703000000532484,
              "max": 0.04480299999977433,
              "hz": 65061.827325910344,
              "period": 0.015369995604192908,
              "mean": 0.015369995604192908,
              "variance": 0.0000018736291973192021,
              "sd": 0.001368805755875976,
              "sem": 0.000005366339170967822,
              "df": 65061,
              "critical": 1.96,
              "moe": 0.00001051802477509693,
              "p75": 0.015542000000095868,
              "p99": 0.021235000000160653,
              "p995": 0.02449700000033772,
              "p999": 0.029156999999941036,
              "sampleCount": 65062,
              "median": 0.01543500000025233
            }
          ]
        }
      ]
    }
  ]
}