{
  "files": [
    {
      "filepath": "/home/runner/work/howard/howard/benchmarks/suites/claim-performance.bench.ts",
      "groups": [
        {
          "fullName": "benchmarks/suites/claim-performance.bench.ts > claim performance",
          "benchmarks": [
            {
              "id": "-1689910969_0_0",
              "name": "claim.check positive number",
              "rank": 3,
              "rme": 0.3220263172630148,
              "samples": [],
              "totalTime": 1000.0016340000075,
              "min": 0.006241999999929249,
              "max": 1.616647999999941,
              "hz": 156848.7437091516,
              "period": 0.006375569075990331,
              "mean": 0.006375569075990331,
              "variance": 0.000017210371823775816,
              "sd": 0.004148538516607483,
              "sem": 0.00001047500525508739,
              "df": 156848,
              "critical": 1.96,
              "moe": 0.000020531010299971285,
              "p75": 0.00628099999994447,
              "p99": 0.01089999999999236,
              "p995": 0.013184999999793945,
              "p999": 0.014988000000130342,
              "sampleCount": 156849,
              "median": 0.0062720000000808795
            },
            {
              "id": "-1689910969_0_1",
              "name": "claim.check negative branch",
              "rank": 1,
              "rme": 0.058767016606964075,
              "samples": [],
              "totalTime": 1000.0043260000893,
              "min": 0.0054799999998067506,
              "max": 0.043130999999903,
              "hz": 179358.22409630654,
              "period": 0.00557543433003133,
              "mean": 0.00557543433003133,
              "variance": 5.012284666890204e-7,
              "sd": 0.0007079749054090974,
              "sem": 0.0000016716920503264738,
              "df": 179358,
              "critical": 1.96,
              "moe": 0.0000032765164186398884,
              "p75": 0.00551099999984217,
              "p99": 0.007012999999915337,
              "p995": 0.012734999999793217,
              "p999": 0.013775999999779742,
              "sampleCount": 179359,
              "median": 0.0055099999999583815
            },
            {
              "id": "-1689910969_0_2",
              "name": "claim.and (positive & even)",
              "rank": 4,
              "rme": 0.09831452765863338,
              "samples": [],
              "totalTime": 1000.0076330000866,
              "min": 0.01085999999941123,
              "max": 0.046436999999968975,
              "hz": 89852.31415727826,
              "period": 0.011129373899592518,
              "mean": 0.011129373899592518,
              "variance": 0.0000028002531821077505,
              "sd": 0.0016733957039826984,
              "sem": 0.0000055825466228304144,
              "df": 89852,
              "critical": 1.96,
              "moe": 0.000010941791380747611,
              "p75": 0.010890999999901396,
              "p99": 0.020439000000806118,
              "p995": 0.025287000000389526,
              "p999": 0.02745199999981196,
              "sampleCount": 89853,
              "median": 0.010890000000017608
            },
            {
              "id": "-1689910969_0_3",
              "name": "claim.or (number | string)",
              "rank": 2,
              "rme": 0.07934673214867616,
              "samples": [],
              "totalTime": 1000.0029390000536,
              "min": 0.0054799999998067506,
              "max": 0.04184799999984534,
              "hz": 171230.49675356084,
              "period": 0.005840081171049948,
              "mean": 0.005840081171049948,
              "variance": 9.57119374730123e-7,
              "sd": 0.0009783247797792525,
              "sem": 0.000002364241614315445,
              "df": 171230,
              "critical": 1.96,
              "moe": 0.000004633913564058272,
              "p75": 0.0062619999998787534,
              "p99": 0.012754000000313681,
              "p995": 0.01341599999977916,
              "p999": 0.015218999999888183,
              "sampleCount": 171231,
              "median": 0.005500999999640044
            },
            {
              "id": "-1689910969_0_4",
              "name": "claim.on (object.value)",
              "rank": 5,
              "rme": 0.08360192373600166,
              "samples": [],
              "totalTime": 1000.0016880000239,
              "min": 0.01722200000040175,
              "max": 0.08838500000001659,
              "hz": 55405.906474828545,
              "period": 0.018048617261668842,
              "mean": 0.018048617261668842,
              "variance": 0.0000032837120578241605,
              "sd": 0.001812101558363703,
              "sem": 0.000007698464917603681,
              "df": 55405,
              "critical": 1.96,
              "moe": 0.000015088991238503215,
              "p75": 0.01778400000057445,
              "p99": 0.027021000000786444,
              "p995": 0.029615000000376313,
              "p999": 0.03692899999987276,
              "sampleCount": 55406,
              "median": 0.017732999999680032
            }
          ]
        }
      ]
    }
  ]
}
