{
  "files": [
    {
      "filepath": "/home/runner/work/howard/howard/benchmarks/suites/claim-performance.bench.ts",
      "groups": [
        {
          "fullName": "benchmarks/suites/claim-performance.bench.ts > claim performance",
          "benchmarks": [
            {
              "id": "-1689910969_0_0",
              "name": "claim.check positive number",
              "rank": 3,
              "rme": 0.06458711276368163,
              "samples": [],
              "totalTime": 1000.001908000004,
              "min": 0.00624100000004546,
              "max": 0.06105400000001282,
              "hz": 157480.69952682467,
              "period": 0.006349984493367479,
              "mean": 0.006349984493367479,
              "variance": 6.89529882424731e-7,
              "sd": 0.0008303793605483768,
              "sem": 0.000002092485533269159,
              "df": 157480,
              "critical": 1.96,
              "moe": 0.000004101271645207551,
              "p75": 0.0062720000000808795,
              "p99": 0.010759999999891079,
              "p995": 0.013185000000248692,
              "p999": 0.015367999999853055,
              "sampleCount": 157481,
              "median": 0.006262000000106127
            },
            {
              "id": "-1689910969_0_1",
              "name": "claim.check negative branch",
              "rank": 1,
              "rme": 0.06000695042978479,
              "samples": [],
              "totalTime": 1000.0029349999354,
              "min": 0.0054699999996046245,
              "max": 0.051455999999689084,
              "hz": 180055.47153720268,
              "period": 0.005553843998533431,
              "mean": 0.005553843998533431,
              "variance": 5.205781328315922e-7,
              "sd": 0.0007215110067293445,
              "sem": 0.0000017003532730344557,
              "df": 180055,
              "critical": 1.96,
              "moe": 0.0000033326924151475332,
              "p75": 0.005491000000347412,
              "p99": 0.006281999999828258,
              "p995": 0.012643999999909283,
              "p999": 0.01407599999993181,
              "sampleCount": 180056,
              "median": 0.005490000000008877
            },
            {
              "id": "-1689910969_0_2",
              "name": "claim.and (positive & even)",
              "rank": 4,
              "rme": 0.06319022795702556,
              "samples": [],
              "totalTime": 1000.0075839999067,
              "min": 0.01085999999941123,
              "max": 0.05688600000030419,
              "hz": 90939.31031627904,
              "period": 0.010996344666812258,
              "mean": 0.010996344666812258,
              "variance": 0.0000011429818627719945,
              "sd": 0.001069103298457167,
              "sem": 0.0000035452118683157593,
              "df": 90939,
              "critical": 1.96,
              "moe": 0.000006948615261898888,
              "p75": 0.010890000000017608,
              "p99": 0.017722999999932654,
              "p995": 0.017973999999867374,
              "p999": 0.025927999999566964,
              "sampleCount": 90940,
              "median": 0.010880999999244523
            },
            {
              "id": "-1689910969_0_3",
              "name": "claim.or (number | string)",
              "rank": 2,
              "rme": 0.23659953466989286,
              "samples": [],
              "totalTime": 1000.0000230000041,
              "min": 0.005470000000059372,
              "max": 0.21185700000023644,
              "hz": 167045.9961579414,
              "period": 0.005986375148162806,
              "mean": 0.005986375148162806,
              "variance": 0.000008723275102375732,
              "sd": 0.0029535191047927443,
              "sem": 0.00000722639578783026,
              "df": 167045,
              "critical": 1.96,
              "moe": 0.00001416373574414731,
              "p75": 0.006260999999540218,
              "p99": 0.01215299999967101,
              "p995": 0.013415000000350119,
              "p999": 0.05670699999973294,
              "sampleCount": 167046,
              "median": 0.005500000000211003
            },
            {
              "id": "-1689910969_0_4",
              "name": "claim.on (object.value)",
              "rank": 5,
              "rme": 0.10236128694347497,
              "samples": [],
              "totalTime": 1000.0051100002011,
              "min": 0.01738299999942683,
              "max": 0.05852099999992788,
              "hz": 54665.720658156446,
              "period": 0.01829299948780231,
              "mean": 0.01829299948780231,
              "variance": 0.000004989378756900883,
              "sd": 0.00223369173273773,
              "sem": 0.000009553545763407005,
              "df": 54665,
              "critical": 1.96,
              "moe": 0.00001872494969627773,
              "p75": 0.01786400000037247,
              "p99": 0.028973999999834632,
              "p995": 0.03260200000022451,
              "p999": 0.0404660000003787,
              "sampleCount": 54666,
              "median": 0.01772400000027119
            }
          ]
        }
      ]
    }
  ]
}
