{
  "files": [
    {
      "filepath": "/home/runner/work/howard/howard/benchmarks/suites/claim-performance.bench.ts",
      "groups": [
        {
          "fullName": "benchmarks/suites/claim-performance.bench.ts > claim performance",
          "benchmarks": [
            {
              "id": "-1689910969_0_0",
              "name": "claim.check positive number",
              "rank": 3,
              "rme": 0.06719610901167561,
              "samples": [],
              "totalTime": 1000.0048579999827,
              "min": 0.006250999999792839,
              "max": 0.06437000000005355,
              "hz": 156671.23889112417,
              "period": 0.006382792445363452,
              "mean": 0.006382792445363452,
              "variance": 7.502205244801227e-7,
              "sd": 0.0008661527142947268,
              "sem": 0.000002188259270191541,
              "df": 156671,
              "critical": 1.96,
              "moe": 0.0000042889881695754205,
              "p75": 0.006292000000030384,
              "p99": 0.012042999999948734,
              "p995": 0.013194000000112283,
              "p999": 0.015317999999979293,
              "sampleCount": 156672,
              "median": 0.006290999999919222
            },
            {
              "id": "-1689910969_0_1",
              "name": "claim.check negative branch",
              "rank": 1,
              "rme": 0.06531929429358639,
              "samples": [],
              "totalTime": 1000.004331999894,
              "min": 0.0054799999998067506,
              "max": 0.05539299999963987,
              "hz": 179290.22331477157,
              "period": 0.005577548967878444,
              "mean": 0.005577548967878444,
              "variance": 6.194640370170407e-7,
              "sd": 0.0007870603769832659,
              "sem": 0.0000018587834819884752,
              "df": 179290,
              "critical": 1.96,
              "moe": 0.0000036432156246974114,
              "p75": 0.0055099999999583815,
              "p99": 0.007122999999864987,
              "p995": 0.01306399999975838,
              "p999": 0.014457999999649473,
              "sampleCount": 179291,
              "median": 0.005500000000211003
            },
            {
              "id": "-1689910969_0_2",
              "name": "claim.and (positive & even)",
              "rank": 4,
              "rme": 0.14763352184387837,
              "samples": [],
              "totalTime": 1000.0074529999897,
              "min": 0.010859999999865977,
              "max": 0.6822330000004513,
              "hz": 90714.32390614485,
              "period": 0.011023617406162043,
              "mean": 0.011023617406162043,
              "variance": 0.000006254393275735611,
              "sd": 0.002500878500794393,
              "sem": 0.000008303344189444807,
              "df": 90714,
              "critical": 1.96,
              "moe": 0.00001627455461131182,
              "p75": 0.010890999999901396,
              "p99": 0.017703000000437896,
              "p995": 0.018033000000286847,
              "p999": 0.026308999999855587,
              "sampleCount": 90715,
              "median": 0.01088999999956286
            },
            {
              "id": "-1689910969_0_3",
              "name": "claim.or (number | string)",
              "rank": 2,
              "rme": 0.08507188957207189,
              "samples": [],
              "totalTime": 1000.0032129998317,
              "min": 0.0054799999998067506,
              "max": 0.05243799999971088,
              "hz": 171114.4502093003,
              "period": 0.005844041802295717,
              "mean": 0.005844041802295717,
              "variance": 0.0000011009680726752648,
              "sd": 0.0010492702572146343,
              "sem": 0.000002536549381936088,
              "df": 171114,
              "critical": 1.96,
              "moe": 0.000004971636788594732,
              "p75": 0.0062619999998787534,
              "p99": 0.012893999999505468,
              "p995": 0.013544999999794527,
              "p999": 0.01638100000036502,
              "sampleCount": 171115,
              "median": 0.005520000000615255
            },
            {
              "id": "-1689910969_0_4",
              "name": "claim.on (object.value)",
              "rank": 5,
              "rme": 0.14131647740626563,
              "samples": [],
              "totalTime": 1000.0074949999898,
              "min": 0.018153999999412918,
              "max": 0.5837899999996807,
              "hz": 52270.60823179183,
              "period": 0.01913121032694974,
              "mean": 0.01913121032694974,
              "variance": 0.000009945329242801209,
              "sd": 0.003153621607422363,
              "sem": 0.000013793649244504638,
              "df": 52270,
              "critical": 1.96,
              "moe": 0.00002703555251922909,
              "p75": 0.018945000000712753,
              "p99": 0.028583000000253378,
              "p995": 0.03184999999939464,
              "p999": 0.038250999999945634,
              "sampleCount": 52271,
              "median": 0.018634000000020023
            }
          ]
        }
      ]
    }
  ]
}
