{
  "files": [
    {
      "filepath": "/home/runner/work/howard/howard/benchmarks/suites/claim-performance.bench.ts",
      "groups": [
        {
          "fullName": "benchmarks/suites/claim-performance.bench.ts > claim performance",
          "benchmarks": [
            {
              "id": "-1689910969_0_0",
              "name": "claim.check positive number",
              "rank": 3,
              "rme": 0.1572441406504317,
              "samples": [],
              "totalTime": 1000.0038460000144,
              "min": 0.0062409999998180865,
              "max": 0.11856200000011086,
              "hz": 150792.4200523503,
              "period": 0.006631633073153359,
              "mean": 0.006631633073153359,
              "variance": 0.0000042683395359445165,
              "sd": 0.002065996015471597,
              "sem": 0.000005320333896413171,
              "df": 150792,
              "critical": 1.96,
              "moe": 0.000010427854436969815,
              "p75": 0.006271999999853506,
              "p99": 0.013445000000047003,
              "p995": 0.018004000000019005,
              "p999": 0.025648000000046522,
              "sampleCount": 150793,
              "median": 0.006262000000106127
            },
            {
              "id": "-1689910969_0_1",
              "name": "claim.check negative branch",
              "rank": 1,
              "rme": 0.08343454907421195,
              "samples": [],
              "totalTime": 1000.0051999998896,
              "min": 0.0054699999996046245,
              "max": 0.30134499999985565,
              "hz": 179811.06498248197,
              "period": 0.0055613930104769956,
              "mean": 0.0055613930104769956,
              "variance": 0.0000010077795667925818,
              "sd": 0.001003882247473568,
              "sem": 0.0000023674097859878685,
              "df": 179811,
              "critical": 1.96,
              "moe": 0.000004640123180536222,
              "p75": 0.005490000000008877,
              "p99": 0.008827000000110274,
              "p995": 0.012814000000162196,
              "p999": 0.013825999999880878,
              "sampleCount": 179812,
              "median": 0.005490000000008877
            },
            {
              "id": "-1689910969_0_2",
              "name": "claim.and (positive & even)",
              "rank": 4,
              "rme": 0.05732905830964347,
              "samples": [],
              "totalTime": 1000.0090190000124,
              "min": 0.01085999999941123,
              "max": 0.044773999999961234,
              "hz": 90976.1794858361,
              "period": 0.010991888268463593,
              "mean": 0.010991888268463593,
              "variance": 9.40402327902024e-7,
              "sd": 0.0009697434340597641,
              "sem": 0.000003215074507529772,
              "df": 90976,
              "critical": 1.96,
              "moe": 0.000006301546034758353,
              "p75": 0.010890000000472355,
              "p99": 0.017903999999361986,
              "p995": 0.018204999999397842,
              "p999": 0.02425500000026659,
              "sampleCount": 90977,
              "median": 0.010881000000154017
            },
            {
              "id": "-1689910969_0_3",
              "name": "claim.or (number | string)",
              "rank": 2,
              "rme": 0.10272748366437556,
              "samples": [],
              "totalTime": 1000.0066869999373,
              "min": 0.005469999999149877,
              "max": 0.42168000000037864,
              "hz": 175340.82749589754,
              "period": 0.005703178285863839,
              "mean": 0.005703178285863839,
              "variance": 0.0000015666825628906001,
              "sd": 0.0012516719070469705,
              "sem": 0.000002989148745898465,
              "df": 175341,
              "critical": 1.96,
              "moe": 0.0000058587315419609905,
              "p75": 0.005500999999640044,
              "p99": 0.006292000000030384,
              "p995": 0.012964000000465603,
              "p999": 0.014226000000235217,
              "sampleCount": 175342,
              "median": 0.005490999999892665
            },
            {
              "id": "-1689910969_0_4",
              "name": "claim.on (object.value)",
              "rank": 5,
              "rme": 0.31259934998581335,
              "samples": [],
              "totalTime": 1000.013801000061,
              "min": 0.014857999999549065,
              "max": 0.47315600000001723,
              "hz": 60095.17062654651,
              "period": 0.01664027224773797,
              "mean": 0.01664027224773797,
              "variance": 0.000042328260332966385,
              "sd": 0.006506017240444909,
              "sem": 0.000026539481062397238,
              "df": 60095,
              "critical": 1.96,
              "moe": 0.000052017382882298586,
              "p75": 0.014948000000003958,
              "p99": 0.04228899999998248,
              "p995": 0.04822000000058324,
              "p999": 0.0681880000001911,
              "sampleCount": 60096,
              "median": 0.014927999999599706
            }
          ]
        }
      ]
    }
  ]
}
