{
  "files": [
    {
      "filepath": "/home/runner/work/howard/howard/benchmarks/suites/claim-performance.bench.ts",
      "groups": [
        {
          "fullName": "benchmarks/suites/claim-performance.bench.ts > claim performance",
          "benchmarks": [
            {
              "id": "-1689910969_0_0",
              "name": "claim.check positive number",
              "rank": 3,
              "rme": 0.29810826286968034,
              "samples": [],
              "totalTime": 1000.0049910000018,
              "min": 0.006250999999792839,
              "max": 1.5008730000001833,
              "hz": 157507.21388149523,
              "period": 0.006348915553495707,
              "mean": 0.006348915553495707,
              "variance": 0.000014687152460603602,
              "sd": 0.003832382086979794,
              "sem": 0.000009656449932443369,
              "df": 157507,
              "critical": 1.96,
              "moe": 0.000018926641867589002,
              "p75": 0.006282000000055632,
              "p99": 0.006923000000142565,
              "p995": 0.013214000000061787,
              "p999": 0.014447000000018306,
              "sampleCount": 157508,
              "median": 0.00628099999994447
            },
            {
              "id": "-1689910969_0_1",
              "name": "claim.check negative branch",
              "rank": 1,
              "rme": 0.08844342914877959,
              "samples": [],
              "totalTime": 1000.0042199999007,
              "min": 0.0054799999998067506,
              "max": 0.3214079999997921,
              "hz": 178650.24609597924,
              "period": 0.0055975293729108744,
              "mean": 0.0055975293729108744,
              "variance": 0.0000011397699872167123,
              "sd": 0.0010676001064147157,
              "sem": 0.000002525840267863549,
              "df": 178650,
              "critical": 1.96,
              "moe": 0.000004950646925012556,
              "p75": 0.005521000000044296,
              "p99": 0.010228000000097381,
              "p995": 0.012823999999909574,
              "p999": 0.01418599999988146,
              "sampleCount": 178651,
              "median": 0.00551999999970576
            },
            {
              "id": "-1689910969_0_2",
              "name": "claim.and (positive & even)",
              "rank": 4,
              "rme": 0.12946747796470673,
              "samples": [],
              "totalTime": 1000.0000660002288,
              "min": 0.010879999999815482,
              "max": 0.5794580000001588,
              "hz": 90670.99401569365,
              "period": 0.011028885376804368,
              "mean": 0.011028885376804368,
              "variance": 0.000004812169155311264,
              "sd": 0.0021936656890491004,
              "sem": 0.000007285112114779059,
              "df": 90670,
              "critical": 1.96,
              "moe": 0.000014278819744966956,
              "p75": 0.010909999999967113,
              "p99": 0.017792999999983294,
              "p995": 0.018264000000272063,
              "p999": 0.026099000000158412,
              "sampleCount": 90671,
              "median": 0.010900000000219734
            },
            {
              "id": "-1689910969_0_3",
              "name": "claim.or (number | string)",
              "rank": 2,
              "rme": 0.110219193439745,
              "samples": [],
              "totalTime": 1000.0027940000982,
              "min": 0.005499999999301508,
              "max": 0.15617999999994936,
              "hz": 168224.5299806467,
              "period": 0.005944436284738287,
              "mean": 0.005944436284738287,
              "variance": 0.0000018798110769998056,
              "sd": 0.001371062025219795,
              "sem": 0.000003342811085499022,
              "df": 168224,
              "critical": 1.96,
              "moe": 0.000006551909727578083,
              "p75": 0.006282000000283006,
              "p99": 0.007183000000622997,
              "p995": 0.013404999999693246,
              "p999": 0.022492000000056578,
              "sampleCount": 168225,
              "median": 0.0055400000001100125
            },
            {
              "id": "-1689910969_0_4",
              "name": "claim.on (object.value)",
              "rank": 5,
              "rme": 0.26590303094024687,
              "samples": [],
              "totalTime": 1000.015324999953,
              "min": 0.015758999999889056,
              "max": 0.12069500000052358,
              "hz": 57718.11546988314,
              "period": 0.017325582996932605,
              "mean": 0.017325582996932605,
              "variance": 0.00003188812219633856,
              "sd": 0.005646956896978988,
              "sem": 0.000023504719549444825,
              "df": 57718,
              "critical": 1.96,
              "moe": 0.000046069250316911854,
              "p75": 0.016020000000025902,
              "p99": 0.04600600000048871,
              "p995": 0.04845000000022992,
              "p999": 0.06840699999975186,
              "sampleCount": 57719,
              "median": 0.015980000000126893
            }
          ]
        }
      ]
    }
  ]
}
