{
  "files": [
    {
      "filepath": "/home/runner/work/howard/howard/benchmarks/suites/claim-performance.bench.ts",
      "groups": [
        {
          "fullName": "benchmarks/suites/claim-performance.bench.ts > claim performance",
          "benchmarks": [
            {
              "id": "-1689910969_0_0",
              "name": "claim.check positive number",
              "rank": 2,
              "rme": 0.07618814260528897,
              "samples": [],
              "totalTime": 1000.003877000014,
              "min": 0.006250999999792839,
              "max": 0.06516199999987293,
              "hz": 156436.39349610024,
              "period": 0.006392374419095316,
              "mean": 0.006392374419095316,
              "variance": 9.658874383013651e-7,
              "sd": 0.00098279572562225,
              "sem": 0.0000024848119072879345,
              "df": 156436,
              "critical": 1.96,
              "moe": 0.000004870231338284352,
              "p75": 0.0062720000000808795,
              "p99": 0.012342999999873427,
              "p995": 0.013334999999869979,
              "p999": 0.016110999999909836,
              "sampleCount": 156437,
              "median": 0.0062709999999697175
            },
            {
              "id": "-1689910969_0_1",
              "name": "claim.check negative branch",
              "rank": 3,
              "rme": 0.11590873221418355,
              "samples": [],
              "totalTime": 1000.003293999971,
              "min": 0.006242000000383996,
              "max": 0.4863689999997405,
              "hz": 150532.50414593573,
              "period": 0.006643083536500109,
              "mean": 0.006643083536500109,
              "variance": 0.000002323225216008314,
              "sd": 0.0015242129824956597,
              "sem": 0.000003928527503615524,
              "df": 150532,
              "critical": 1.96,
              "moe": 0.000007699913907086426,
              "p75": 0.006551999999828695,
              "p99": 0.009958999999980733,
              "p995": 0.01464799999985189,
              "p999": 0.017662999999629392,
              "sampleCount": 150533,
              "median": 0.006501999999727559
            },
            {
              "id": "-1689910969_0_2",
              "name": "claim.and (positive & even)",
              "rank": 4,
              "rme": 0.0626774276321702,
              "samples": [],
              "totalTime": 1000.0065770000151,
              "min": 0.01085999999941123,
              "max": 0.05961399999978312,
              "hz": 90903.40212832284,
              "period": 0.011000688385549757,
              "mean": 0.011000688385549757,
              "variance": 0.0000011249491827773504,
              "sd": 0.0010606362160408018,
              "sem": 0.00000351783086831301,
              "df": 90903,
              "critical": 1.96,
              "moe": 0.0000068949485018935,
              "p75": 0.010890000000017608,
              "p99": 0.017823000000134925,
              "p995": 0.01823400000012043,
              "p999": 0.024785999999949127,
              "sampleCount": 90904,
              "median": 0.010880000000724976
            },
            {
              "id": "-1689910969_0_3",
              "name": "claim.or (number | string)",
              "rank": 1,
              "rme": 0.07712559926287367,
              "samples": [],
              "totalTime": 1000.0001039998788,
              "min": 0.00574999999935244,
              "max": 0.07283600000027945,
              "hz": 158629.98350250095,
              "period": 0.006303978465611037,
              "mean": 0.006303978465611037,
              "variance": 9.76112167488879e-7,
              "sd": 0.0009879838902982574,
              "sem": 0.0000024806026372474596,
              "df": 158629,
              "critical": 1.96,
              "moe": 0.00000486198116900502,
              "p75": 0.006482000000687549,
              "p99": 0.009778000000551401,
              "p995": 0.01425699999981589,
              "p999": 0.017423000000235334,
              "sampleCount": 158630,
              "median": 0.006032000000232074
            },
            {
              "id": "-1689910969_0_4",
              "name": "claim.on (object.value)",
              "rank": 5,
              "rme": 0.15926290405432308,
              "samples": [],
              "totalTime": 1000.0118540000522,
              "min": 0.015067999999700987,
              "max": 0.6468380000005709,
              "hz": 64514.23524825201,
              "period": 0.01550045499496322,
              "mean": 0.01550045499496322,
              "variance": 0.000010234501946717835,
              "sd": 0.0031991408138307754,
              "sem": 0.000012595140187046837,
              "df": 64514,
              "critical": 1.96,
              "moe": 0.0000246864747666118,
              "p75": 0.015177999999650638,
              "p99": 0.027370999999220658,
              "p995": 0.0310380000000805,
              "p999": 0.0346640000007028,
              "sampleCount": 64515,
              "median": 0.015148000000408501
            }
          ]
        }
      ]
    }
  ]
}
