{
  "files": [
    {
      "filepath": "/workspace/benchmarks/suites/claim-performance.bench.ts",
      "groups": [
        {
          "fullName": "benchmarks/suites/claim-performance.bench.ts > claim performance",
          "benchmarks": [
            {
              "id": "-1689910969_0_0",
              "name": "claim.check positive number",
              "rank": 3,
              "rme": 0.2588157743069185,
              "samples": [],
              "totalTime": 1000.0038529999937,
              "min": 0.0050710000000435684,
              "max": 0.9399359999999888,
              "hz": 182372.29731953956,
              "period": 0.005483288935313855,
              "mean": 0.005483288935313855,
              "variance": 0.000009561194348687807,
              "sd": 0.0030921181007018163,
              "sem": 0.000007240620773172521,
              "df": 182372,
              "critical": 1.96,
              "moe": 0.00001419161671541814,
              "p75": 0.00632099999984348,
              "p99": 0.006495999999970081,
              "p995": 0.007984999999962383,
              "p999": 0.010044999999990978,
              "sampleCount": 182373,
              "median": 0.005087000000003172
            },
            {
              "id": "-1689910969_0_1",
              "name": "claim.check negative branch",
              "rank": 1,
              "rme": 0.2775549749619013,
              "samples": [],
              "totalTime": 1000.0033730001342,
              "min": 0.0038300000001072476,
              "max": 0.8809919999998783,
              "hz": 230508.22249573458,
              "period": 0.004338240038350495,
              "mean": 0.004338240038350495,
              "variance": 0.000008699633012985951,
              "sd": 0.0029495140299693355,
              "sem": 0.000006143367883791272,
              "df": 230508,
              "critical": 1.96,
              "moe": 0.000012041001052230892,
              "p75": 0.00397400000019843,
              "p99": 0.00573000000031243,
              "p995": 0.006416000000172062,
              "p999": 0.00867500000003929,
              "sampleCount": 230509,
              "median": 0.0038580000000365544
            },
            {
              "id": "-1689910969_0_2",
              "name": "claim.and (positive & even)",
              "rank": 4,
              "rme": 0.21835015587013773,
              "samples": [],
              "totalTime": 1000.0068880000322,
              "min": 0.007577000000310363,
              "max": 0.6099359999998342,
              "hz": 97500.32841773472,
              "period": 0.010256375708967418,
              "mean": 0.010256375708967418,
              "variance": 0.00001272892661492555,
              "sd": 0.0035677621298126857,
              "sem": 0.00001142592466691699,
              "df": 97500,
              "critical": 1.96,
              "moe": 0.0000223948123471573,
              "p75": 0.012563000000227476,
              "p99": 0.01262799999994968,
              "p995": 0.014100999999755004,
              "p999": 0.01680499999974927,
              "sampleCount": 97501,
              "median": 0.010065999999824271
            },
            {
              "id": "-1689910969_0_3",
              "name": "claim.or (number | string)",
              "rank": 2,
              "rme": 0.2108449161424592,
              "samples": [],
              "totalTime": 1000.0025650001717,
              "min": 0.0050759999994625105,
              "max": 0.725626999999804,
              "hz": 183821.52849774784,
              "period": 0.005440059214893602,
              "mean": 0.005440059214893602,
              "variance": 0.000006295335294718166,
              "sd": 0.0025090506759964347,
              "sem": 0.0000058520858621135405,
              "df": 183821,
              "critical": 1.96,
              "moe": 0.000011470088289742539,
              "p75": 0.0054049999998824205,
              "p99": 0.0054879999997865525,
              "p995": 0.008104000000457745,
              "p999": 0.009867999999187305,
              "sampleCount": 183822,
              "median": 0.005401999999776308
            },
            {
              "id": "-1689910969_0_4",
              "name": "claim.on (object.value)",
              "rank": 5,
              "rme": 0.21156324483912278,
              "samples": [],
              "totalTime": 1000.0067210000934,
              "min": 0.011190000000169675,
              "max": 0.6378279999998995,
              "hz": 85022.42856424967,
              "period": 0.011761602401704168,
              "mean": 0.011761602401704168,
              "variance": 0.00001370369578618489,
              "sd": 0.003701850319257235,
              "sem": 0.000012695524329653845,
              "df": 85022,
              "critical": 1.96,
              "moe": 0.000024883227686121536,
              "p75": 0.011744000000362576,
              "p99": 0.014565999999831547,
              "p995": 0.015296999999918626,
              "p999": 0.02341100000012375,
              "sampleCount": 85023,
              "median": 0.011679999999614665
            }
          ]
        }
      ]
    }
  ]
}
