{
  "files": [
    {
      "filepath": "/workspace/benchmarks/suites/claim-performance.bench.ts",
      "groups": [
        {
          "fullName": "benchmarks/suites/claim-performance.bench.ts > Claim performance",
          "benchmarks": [
            {
              "id": "-1689910969_0_0",
              "name": "Claim.check positive number",
              "rank": 3,
              "rme": 0.23657907576746287,
              "samples": [],
              "totalTime": 1000.0029660000432,
              "min": 0.005075000000033469,
              "max": 1.175346999999988,
              "hz": 183792.45487157092,
              "period": 0.005440919762994473,
              "mean": 0.005440919762994473,
              "variance": 0.00000792709619693882,
              "sd": 0.0028155099355070333,
              "sem": 0.0000065673865757865075,
              "df": 183792,
              "critical": 1.96,
              "moe": 0.000012872077688541555,
              "p75": 0.005850000000009459,
              "p99": 0.006440999999995256,
              "p995": 0.008385000000089349,
              "p999": 0.009974000000056549,
              "sampleCount": 183793,
              "median": 0.005094999999982974
            },
            {
              "id": "-1689910969_0_1",
              "name": "Claim.check negative branch",
              "rank": 1,
              "rme": 0.13940643986085033,
              "samples": [],
              "totalTime": 1000.0016009998385,
              "min": 0.003842999999960739,
              "max": 0.5317709999999352,
              "hz": 238155.6187128929,
              "period": 0.004198935155947524,
              "mean": 0.004198935155947524,
              "variance": 0.0000021241901628169044,
              "sd": 0.0014574601753793838,
              "sem": 0.0000029865234760061666,
              "df": 238155,
              "critical": 1.96,
              "moe": 0.000005853586012972086,
              "p75": 0.003938999999718362,
              "p99": 0.00572699999975157,
              "p995": 0.0067830000002686575,
              "p999": 0.0085439999998016,
              "sampleCount": 238156,
              "median": 0.0038720000002285815
            },
            {
              "id": "-1689910969_0_2",
              "name": "Claim.and (positive & even)",
              "rank": 4,
              "rme": 0.1351866155451424,
              "samples": [],
              "totalTime": 1000.0078019999878,
              "min": 0.007574000000204251,
              "max": 0.6217489999999088,
              "hz": 103517.19235886648,
              "period": 0.009660231090245056,
              "mean": 0.009660231090245056,
              "variance": 0.000004595641601202861,
              "sd": 0.0021437447612070943,
              "sem": 0.000006662928298337706,
              "df": 103517,
              "critical": 1.96,
              "moe": 0.000013059339464741905,
              "p75": 0.010073999999804073,
              "p99": 0.012576999999964755,
              "p995": 0.013433999999961088,
              "p999": 0.014712999999574095,
              "sampleCount": 103518,
              "median": 0.010068999999930384
            },
            {
              "id": "-1689910969_0_3",
              "name": "Claim.or (number | string)",
              "rank": 2,
              "rme": 0.1404900112827906,
              "samples": [],
              "totalTime": 1000.0040980001158,
              "min": 0.005084000000351807,
              "max": 0.6362589999998818,
              "hz": 183907.24634808316,
              "period": 0.00543752364225654,
              "mean": 0.00543752364225654,
              "variance": 0.0000027937123653822807,
              "sd": 0.0016714402069419895,
              "sem": 0.000003897539580872765,
              "df": 183907,
              "critical": 1.96,
              "moe": 0.00000763917757851062,
              "p75": 0.005412000000433181,
              "p99": 0.005433999999695516,
              "p995": 0.00850799999989249,
              "p999": 0.009881999999379332,
              "sampleCount": 183908,
              "median": 0.005407999999988533
            },
            {
              "id": "-1689910969_0_4",
              "name": "Claim.on (object.value)",
              "rank": 5,
              "rme": 0.14265870482707335,
              "samples": [],
              "totalTime": 1000.0099139998765,
              "min": 0.011222000000088883,
              "max": 0.6461690000005547,
              "hz": 83358.17358707736,
              "period": 0.011996424069385147,
              "mean": 0.011996424069385147,
              "variance": 0.000006355365411237864,
              "sd": 0.0025209850081342935,
              "sem": 0.00000873160367497354,
              "df": 83358,
              "critical": 1.96,
              "moe": 0.00001711394320294814,
              "p75": 0.012595000000146683,
              "p99": 0.015363999999863154,
              "p995": 0.01607400000011694,
              "p999": 0.01729200000045239,
              "sampleCount": 83359,
              "median": 0.011976999999205873
            }
          ]
        }
      ]
    }
  ]
}