{
  "files": [
    {
      "filepath": "/home/runner/work/howard/howard/benchmarks/suites/claim-performance.bench.ts",
      "groups": [
        {
          "fullName": "benchmarks/suites/claim-performance.bench.ts > claim performance",
          "benchmarks": [
            {
              "id": "-1689910969_0_0",
              "name": "claim.check positive number",
              "rank": 3,
              "rme": 0.2686617082366192,
              "samples": [],
              "totalTime": 1000.0037840000605,
              "min": 0.0062409999998180865,
              "max": 1.3416369999999915,
              "hz": 157346.40460119548,
              "period": 0.006355404195822358,
              "mean": 0.006355404195822358,
              "variance": 0.000011941096846087034,
              "sd": 0.0034555892183659553,
              "sem": 0.000008711498713182713,
              "df": 157346,
              "critical": 1.96,
              "moe": 0.000017074537477838118,
              "p75": 0.006271999999853506,
              "p99": 0.010710000000017317,
              "p995": 0.013324999999895226,
              "p999": 0.014486999999917316,
              "sampleCount": 157347,
              "median": 0.006262000000106127
            },
            {
              "id": "-1689910969_0_1",
              "name": "claim.check negative branch",
              "rank": 1,
              "rme": 0.09418113567335276,
              "samples": [],
              "totalTime": 1000.0046990000337,
              "min": 0.005470000000059372,
              "max": 0.38905700000032084,
              "hz": 179737.15541510063,
              "period": 0.005563679906308259,
              "mean": 0.005563679906308259,
              "variance": 0.0000012846353838173877,
              "sd": 0.0011334175681616144,
              "sem": 0.0000026734372045873707,
              "df": 179737,
              "critical": 1.96,
              "moe": 0.000005239936920991247,
              "p75": 0.005501000000094791,
              "p99": 0.006371999999828404,
              "p995": 0.01299399999970774,
              "p999": 0.01384600000028513,
              "sampleCount": 179738,
              "median": 0.005500000000211003
            },
            {
              "id": "-1689910969_0_2",
              "name": "claim.and (positive & even)",
              "rank": 4,
              "rme": 0.062060028094755616,
              "samples": [],
              "totalTime": 1000.0015179998118,
              "min": 0.01085999999941123,
              "max": 0.046436999999968975,
              "hz": 90866.86206412049,
              "period": 0.01100511206488397,
              "mean": 0.01100511206488397,
              "variance": 0.0000011033337970400384,
              "sd": 0.001050396971168538,
              "sem": 0.000003484579407819557,
              "df": 90866,
              "critical": 1.96,
              "moe": 0.000006829775639326332,
              "p75": 0.010890999999901396,
              "p99": 0.017933999999968364,
              "p995": 0.018355000000155997,
              "p999": 0.0254480000003241,
              "sampleCount": 90867,
              "median": 0.010881000000154017
            },
            {
              "id": "-1689910969_0_3",
              "name": "claim.or (number | string)",
              "rank": 2,
              "rme": 0.071619794446678,
              "samples": [],
              "totalTime": 1000.0022789998566,
              "min": 0.0054799999998067506,
              "max": 0.03705900000022666,
              "hz": 173543.60449415026,
              "period": 0.005762240578757298,
              "mean": 0.005762240578757298,
              "variance": 7.693897106222499e-7,
              "sd": 0.000877148625161238,
              "sem": 0.0000021055637030760436,
              "df": 173543,
              "critical": 1.96,
              "moe": 0.0000041269048580290455,
              "p75": 0.006250999999792839,
              "p99": 0.007214000000203669,
              "p995": 0.013284999999996217,
              "p999": 0.014726999999766122,
              "sampleCount": 173544,
              "median": 0.005500000000211003
            },
            {
              "id": "-1689910969_0_4",
              "name": "claim.on (object.value)",
              "rank": 5,
              "rme": 0.09282497492926477,
              "samples": [],
              "totalTime": 1000.0128230000491,
              "min": 0.01542799999970157,
              "max": 0.052798999999140506,
              "hz": 63162.190071233614,
              "period": 0.015832256590093078,
              "mean": 0.015832256590093078,
              "variance": 0.0000035511247334584697,
              "sd": 0.0018844428177735904,
              "sem": 0.000007498106229842229,
              "df": 63162,
              "critical": 1.96,
              "moe": 0.00001469628821049077,
              "p75": 0.015529000000242377,
              "p99": 0.024645999999847845,
              "p995": 0.0290339999992284,
              "p999": 0.035877000000255066,
              "sampleCount": 63163,
              "median": 0.015508999999838124
            }
          ]
        }
      ]
    }
  ]
}
