{
  "files": [
    {
      "filepath": "/home/runner/work/howard/howard/benchmarks/suites/claim-performance.bench.ts",
      "groups": [
        {
          "fullName": "benchmarks/suites/claim-performance.bench.ts > claim performance",
          "benchmarks": [
            {
              "id": "-1689910969_0_0",
              "name": "claim.check positive number",
              "rank": 3,
              "rme": 0.3294645504903982,
              "samples": [],
              "totalTime": 1000.0039010000307,
              "min": 0.006250999999792839,
              "max": 1.6552280000000792,
              "hz": 157003.38752978042,
              "period": 0.006369289323839079,
              "mean": 0.006369289323839079,
              "variance": 0.000017996908705329027,
              "sd": 0.004242276358905561,
              "sem": 0.000010706403285826197,
              "df": 157003,
              "critical": 1.96,
              "moe": 0.000020984550440219346,
              "p75": 0.006282000000055632,
              "p99": 0.010048999999980879,
              "p995": 0.013314999999920474,
              "p999": 0.015938999999889347,
              "sampleCount": 157004,
              "median": 0.0062720000000808795
            },
            {
              "id": "-1689910969_0_1",
              "name": "claim.check negative branch",
              "rank": 1,
              "rme": 0.14785362160129606,
              "samples": [],
              "totalTime": 1000.0002859999468,
              "min": 0.005510000000413129,
              "max": 0.4890340000001743,
              "hz": 172818.95057378933,
              "period": 0.005786402455748192,
              "mean": 0.005786402455748192,
              "variance": 0.000003292763595140749,
              "sd": 0.0018145973644698014,
              "sem": 0.000004365002852678589,
              "df": 172818,
              "critical": 1.96,
              "moe": 0.000008555405591250034,
              "p75": 0.0056110000000444415,
              "p99": 0.010900000000219734,
              "p995": 0.014076999999815598,
              "p999": 0.02140000000008513,
              "sampleCount": 172819,
              "median": 0.005591000000094937
            },
            {
              "id": "-1689910969_0_2",
              "name": "claim.and (positive & even)",
              "rank": 4,
              "rme": 0.06199207589949483,
              "samples": [],
              "totalTime": 1000.0077069998533,
              "min": 0.010859999999865977,
              "max": 0.06302800000048592,
              "hz": 90860.29973968324,
              "period": 0.011005906901749412,
              "mean": 0.011005906901749412,
              "variance": 0.0000011010052717278161,
              "sd": 0.0010492879832190093,
              "sem": 0.0000034810153877348144,
              "df": 90860,
              "critical": 1.96,
              "moe": 0.000006822790159960236,
              "p75": 0.010900000000219734,
              "p99": 0.01791400000001886,
              "p995": 0.01838399999996909,
              "p999": 0.024605999999948835,
              "sampleCount": 90861,
              "median": 0.010890000000472355
            },
            {
              "id": "-1689910969_0_3",
              "name": "claim.or (number | string)",
              "rank": 2,
              "rme": 0.070368485728695,
              "samples": [],
              "totalTime": 1000.0006260000291,
              "min": 0.0055099999999583815,
              "max": 0.04276000000027125,
              "hz": 167358.8952333267,
              "period": 0.005975182846455996,
              "mean": 0.005975182846455996,
              "variance": 7.701862123801595e-7,
              "sd": 0.0008776025366760055,
              "sem": 0.0000021452273921284797,
              "df": 167358,
              "critical": 1.96,
              "moe": 0.00000420464568857182,
              "p75": 0.006322000000182015,
              "p99": 0.007222999999612512,
              "p995": 0.013965999999527412,
              "p999": 0.015338999999585212,
              "sampleCount": 167359,
              "median": 0.005650999999488704
            },
            {
              "id": "-1689910969_0_4",
              "name": "claim.on (object.value)",
              "rank": 5,
              "rme": 0.14990002807282676,
              "samples": [],
              "totalTime": 1000.0086890000648,
              "min": 0.016490999999405176,
              "max": 0.6474689999995462,
              "hz": 57979.496216153624,
              "period": 0.017247476526389527,
              "mean": 0.017247476526389527,
              "variance": 0.00001008836116756574,
              "sd": 0.0031762180604558215,
              "sem": 0.000013190802119853115,
              "df": 57979,
              "critical": 1.96,
              "moe": 0.000025853972154912104,
              "p75": 0.01701099999991129,
              "p99": 0.02639900000031048,
              "p995": 0.029174000000239175,
              "p999": 0.03619799999978568,
              "sampleCount": 57980,
              "median": 0.01687099999981001
            }
          ]
        }
      ]
    }
  ]
}
