{
  "files": [
    {
      "filepath": "/home/runner/work/howard/howard/benchmarks/suites/claim-performance.bench.ts",
      "groups": [
        {
          "fullName": "benchmarks/suites/claim-performance.bench.ts > claim performance",
          "benchmarks": [
            {
              "id": "-1689910969_0_0",
              "name": "claim.check positive number",
              "rank": 3,
              "rme": 0.05511320834718493,
              "samples": [],
              "totalTime": 1000.0052569999827,
              "min": 0.006250999999792839,
              "max": 0.050314000000071246,
              "hz": 157883.170008178,
              "period": 0.006333797325884717,
              "mean": 0.006333797325884717,
              "variance": 5.008015796363277e-7,
              "sd": 0.000707673356596338,
              "sem": 0.000001780999447195547,
              "df": 157883,
              "critical": 1.96,
              "moe": 0.000003490758916503272,
              "p75": 0.0062720000000808795,
              "p99": 0.007113000000117609,
              "p995": 0.013284999999996217,
              "p999": 0.014826999999968393,
              "sampleCount": 157884,
              "median": 0.006271999999853506
            },
            {
              "id": "-1689910969_0_1",
              "name": "claim.check negative branch",
              "rank": 1,
              "rme": 0.08042771574461875,
              "samples": [],
              "totalTime": 1000.0016639999931,
              "min": 0.005639999999857537,
              "max": 0.05068500000015774,
              "hz": 168008.72043349035,
              "period": 0.005952071996143023,
              "mean": 0.005952071996143023,
              "variance": 0.0000010022319060705416,
              "sd": 0.0010011153310535911,
              "sem": 0.0000024424058908025337,
              "df": 168008,
              "critical": 1.96,
              "moe": 0.000004787115545972966,
              "p75": 0.005841000000145868,
              "p99": 0.01134200000024066,
              "p995": 0.013906000000133645,
              "p999": 0.016370999999708147,
              "sampleCount": 168009,
              "median": 0.005801000000246859
            },
            {
              "id": "-1689910969_0_2",
              "name": "claim.and (positive & even)",
              "rank": 4,
              "rme": 0.1373637129526583,
              "samples": [],
              "totalTime": 1000.0023520001482,
              "min": 0.01085999999941123,
              "max": 0.6422700000002806,
              "hz": 90829.786368329,
              "period": 0.011009604227679711,
              "mean": 0.011009604227679711,
              "variance": 0.000005407600862891387,
              "sd": 0.0023254248779290606,
              "sem": 0.000007715918953333516,
              "df": 90829,
              "critical": 1.96,
              "moe": 0.000015123201148533692,
              "p75": 0.01089999999931024,
              "p99": 0.01786400000037247,
              "p995": 0.01821399999971618,
              "p999": 0.024405999999544292,
              "sampleCount": 90830,
              "median": 0.010890000000017608
            },
            {
              "id": "-1689910969_0_3",
              "name": "claim.or (number | string)",
              "rank": 2,
              "rme": 0.07152598689309025,
              "samples": [],
              "totalTime": 1000.0042489996376,
              "min": 0.005661000000145577,
              "max": 0.0464270000002216,
              "hz": 165419.29713346643,
              "period": 0.006045243918508267,
              "mean": 0.006045243918508267,
              "variance": 8.050655612548684e-7,
              "sd": 0.0008972544573613822,
              "sem": 0.0000022060818228609995,
              "df": 165419,
              "critical": 1.96,
              "moe": 0.000004323920372807559,
              "p75": 0.006392000000232656,
              "p99": 0.00937800000065181,
              "p995": 0.013874999999643478,
              "p999": 0.016140000000632426,
              "sampleCount": 165420,
              "median": 0.005801000000246859
            },
            {
              "id": "-1689910969_0_4",
              "name": "claim.on (object.value)",
              "rank": 5,
              "rme": 0.07638303839158389,
              "samples": [],
              "totalTime": 1000.0094480000043,
              "min": 0.01577900000029331,
              "max": 0.05955199999971228,
              "hz": 61645.41757409449,
              "period": 0.016221805924147622,
              "mean": 0.016221805924147622,
              "variance": 0.000002463684104754904,
              "sd": 0.0015696127244498573,
              "sem": 0.000006321789921862198,
              "df": 61645,
              "critical": 1.96,
              "moe": 0.000012390708246849907,
              "p75": 0.01599999999962165,
              "p99": 0.02496699999937846,
              "p995": 0.0263890000005631,
              "p999": 0.03251099999943108,
              "sampleCount": 61646,
              "median": 0.0159590000002936
            }
          ]
        }
      ]
    }
  ]
}
