{
  "files": [
    {
      "filepath": "/workspace/benchmarks/suites/claim-performance.bench.ts",
      "groups": [
        {
          "fullName": "benchmarks/suites/claim-performance.bench.ts > claim performance",
          "benchmarks": [
            {
              "id": "-1689910969_0_0",
              "name": "claim.check positive number",
              "rank": 3,
              "rme": 0.36453941275565044,
              "samples": [],
              "totalTime": 1000.0016139999739,
              "min": 0.0050710000000435684,
              "max": 1.7458599999999933,
              "hz": 180683.70837649942,
              "period": 0.005534533295698423,
              "mean": 0.005534533295698423,
              "variance": 0.000019145139801389883,
              "sd": 0.004375515946878709,
              "sem": 0.000010293650599441315,
              "df": 180683,
              "critical": 1.96,
              "moe": 0.000020175555174904976,
              "p75": 0.006323999999949592,
              "p99": 0.006493000000091342,
              "p995": 0.007991999999831023,
              "p999": 0.009927000000061525,
              "sampleCount": 180684,
              "median": 0.005100999999967826
            },
            {
              "id": "-1689910969_0_1",
              "name": "claim.check negative branch",
              "rank": 1,
              "rme": 0.4082360899642169,
              "samples": [],
              "totalTime": 1000.0005900000779,
              "min": 0.003842999999960739,
              "max": 1.5424020000000382,
              "hz": 226368.86644235117,
              "period": 0.004417568615844386,
              "mean": 0.004417568615844386,
              "variance": 0.000019164355077462446,
              "sd": 0.004377711168802991,
              "sem": 0.000009201076218780357,
              "df": 226368,
              "critical": 1.96,
              "moe": 0.0000180341093888095,
              "p75": 0.004230999999890628,
              "p99": 0.005728999999973894,
              "p995": 0.006530999999995402,
              "p999": 0.009004999999888241,
              "sampleCount": 226369,
              "median": 0.004034999999930733
            },
            {
              "id": "-1689910969_0_2",
              "name": "claim.and (positive & even)",
              "rank": 4,
              "rme": 0.5624097466076192,
              "samples": [],
              "totalTime": 1000.0066879999467,
              "min": 0.00757000000021435,
              "max": 2.3036510000001726,
              "hz": 95702.3599426218,
              "period": 0.010449063122367604,
              "mean": 0.010449063122367604,
              "variance": 0.00008603472828473904,
              "sd": 0.009275490730130618,
              "sem": 0.000029982933382335623,
              "df": 95702,
              "critical": 1.96,
              "moe": 0.00005876654942937782,
              "p75": 0.012564000000111264,
              "p99": 0.012621999999737454,
              "p995": 0.013985000000047876,
              "p999": 0.017110000000229775,
              "sampleCount": 95703,
              "median": 0.010067000000162807
            },
            {
              "id": "-1689910969_0_3",
              "name": "claim.or (number | string)",
              "rank": 2,
              "rme": 0.7737262662283187,
              "samples": [],
              "totalTime": 1000.0049259998941,
              "min": 0.005094000000099186,
              "max": 2.9217020000005505,
              "hz": 183222.0974479674,
              "period": 0.005457856961188792,
              "mean": 0.005457856961188792,
              "variance": 0.0000850524497397583,
              "sd": 0.00922238850514108,
              "sem": 0.00002154534330708593,
              "df": 183222,
              "critical": 1.96,
              "moe": 0.00004222887288188842,
              "p75": 0.005425000000286673,
              "p99": 0.006055999999261985,
              "p995": 0.00812099999984639,
              "p999": 0.010037999999440217,
              "sampleCount": 183223,
              "median": 0.005419999999503489
            },
            {
              "id": "-1689910969_0_4",
              "name": "claim.on (object.value)",
              "rank": 5,
              "rme": 0.26751958778171325,
              "samples": [],
              "totalTime": 1000.0017349999516,
              "min": 0.011199999999917054,
              "max": 1.0247480000007272,
              "hz": 82127.85750817119,
              "period": 0.01217613645772394,
              "mean": 0.01217613645772394,
              "variance": 0.00002268345950486062,
              "sd": 0.004762715559936434,
              "sem": 0.000016619158193592846,
              "df": 82127,
              "critical": 1.96,
              "moe": 0.00003257355005944198,
              "p75": 0.01230200000009063,
              "p99": 0.014920000000529399,
              "p995": 0.015679000000091037,
              "p999": 0.02615700000023935,
              "sampleCount": 82128,
              "median": 0.011924000000362867
            }
          ]
        }
      ]
    }
  ]
}
